<?xml version="1.0" encoding="utf-8" ?>
<Elderly>
	<Item>
		<grid>0</grid>
        <image>btn_new_activity_%@.png</image>
		<header>bg_top_red.png</header>
        <color>#D63636</color>
        <imageColor>red</imageColor>
        
     
	</Item>

	<Item>
		<grid>1</grid>
        <image>btn_favo_center_%@.png</image>
		<header>bg_top_blue.png</header>
        <color>#428FC7</color>
        <arrowDown>btn_blue_down.png</arrowDown>
        <arrowUp>btn_blue_up.png</arrowUp>
        <imageColor>blue</imageColor>
        
	</Item>

	<Item>
		<grid>2</grid>
        <image>btn_my_activity_%@.png</image>
		<header>bg_top_green.png</header>
        <color>#2EC258</color>
        <arrowDown>btn_green_down.png</arrowDown>
        <arrowUp>btn_green_up.png</arrowUp>
        <imageColor>green</imageColor>
	</Item>

	<Item>
		<grid>3</grid>
        <image>btn_locator_%@.png</image>
		<header>bg_top_yellow.png</header>
        <color>#E6B217</color>
        <arrowDown>btn_yellow_down.png</arrowDown>
        <arrowUp>btn_yellow_up.png</arrowUp>
        <imageColor>yellow</imageColor>
	</Item>

	<Item>
		<grid>4</grid>
        <image>btn_easy_search_%@.png</image>
		<header>bg_top_orange.png</header>
        <color>#E3901B</color>
        <arrowDown>btn_orange_down.png</arrowDown>
        <arrowUp>btn_orange_up.png</arrowUp>
        <imageColor>orange</imageColor>
	</Item>

	<Item>
        <grid>5</grid>
        <image>btn_ad_search_%@.png</image>
		<header>bg_top_purple.png</header>
        <color>#986ABF</color>
        <arrowDown>btn_purple_down.png</arrowDown>
        <arrowUp>btn_purple_up.png</arrowUp>
        <imageColor>purple</imageColor>
	</Item>

    <Item>
		<grid>6</grid>
        <image>btn_ad_search_%@.png</image>
		<header>bg_top_cyan.png</header>
        <color>#791C34</color>
        <imageColor>cyan</imageColor>
	</Item>
    
</Elderly>



