<?xml version="1.0" encoding="utf-8" ?>
<Elderly>
	<Item>
		<grid>0</grid>
        <image>btn_new_activity_%@02.png</image>
		<header>bg_top_red_1.png</header>
        <color>#791B34</color>
        <imageColor>heavyRed</imageColor>

        
	</Item>
    
	<Item>
		<grid>1</grid>
        <image>btn_favo_center_%@02.png</image>
		<header>bg_top_green_1.png</header>
        <color>#227847</color>
        <arrowDown>btn_heavy_green_down.png</arrowDown>
        <arrowUp>btn_heavy_green_up.png</arrowUp>
        <imageColor>heavyGreen</imageColor>
	</Item>
    
	<Item>
		<grid>2</grid>
        <image>btn_my_activity_%@02.png</image>
		<header>bg_top_blue_1.png</header>
        <color>#18628E</color>
        <arrowDown>btn_heavy_blue_down.png</arrowDown>
        <arrowUp>btn_heavy_blue_up.png</arrowUp>
        <imageColor>heavyBlue</imageColor>
	</Item>
    
	<Item>
		<grid>3</grid>
        <image>btn_locator_%@02.png</image>
		<header>bg_top_yellow_1.png</header>
        <color>#755a0c</color>
        <arrowDown>btn_heavy_yellow_down.png</arrowDown>
        <arrowUp>btn_heavy_yellow_up.png</arrowUp>
        <imageColor>heavyYellow</imageColor>
	</Item>
    
	<Item>
		<grid>4</grid>
        <image>btn_easy_search_%@02.png</image>
		<header>bg_top_orange_1.png</header>
        <color>#78300F</color>
        <arrowDown>btn_heavy_orange_down.png</arrowDown>
        <arrowUp>btn_heavy_orange_up.png</arrowUp>
        <imageColor>heavyOrange</imageColor>
	</Item>
    
	<Item>
        <grid>5</grid>
        <image>btn_ad_search_%@02.png</image>
		<header>bg_top_purple_1.png</header>
        <color>#640a52</color>
        <arrowDown>btn_heavy_purple_down.png</arrowDown>
        <arrowUp>btn_heavy_purple_up.png</arrowUp>
        <imageColor>heavyPurple</imageColor>
	</Item>
    
    <Item>
		<grid>6</grid>
        <image>btn_ad_search_%@.png</image>
		<header>bg_top_cyan.png</header>
        <color>#791b34</color>
        <imageColor>cyan</imageColor>
	</Item>
    
</Elderly>



