<?xml version="1.0" encoding="utf-8" ?>
<!--
 textColor;
 highlightColor;
 disabledColor;
 backgroundColor;
 selectedColor;
 fontSize;
 fontBold;
 fontName;
 -->
<SCMP>
    <!--components-->
    <theme key="nav_title" fontSize="20.0f" textColor="whiteColor"/>
    <theme key="mainPage_title" fontSize="20.0f" textColor="whiteColor" />
    <theme key="weather_title" fontSize="16.0f" textColor="whiteColor" />
    <theme key="weather_maxTemperature" fontSize="16.0f" textColor="whiteColor" fontName="Helvetica"/>
    <theme key="weather_mixTemperature" fontSize="16.0f" textColor="whiteColor" fontName="Helvetica"/>
    <theme key="weather_humidity" fontSize="16.0f" textColor="whiteColor" fontName="Helvetica"/>
    <theme key="weather_temperature" fontSize="64.0f" textColor="whiteColor" fontName="Helvetica" />
    <theme key="weather_maxTemperature_big" fontSize="20.0f" textColor="whiteColor" fontName="Helvetica"/>
    <theme key="weather_mixTemperature_big" fontSize="20.0f" textColor="whiteColor" fontName="Helvetica"/>
    <theme key="weather_humidity_big" fontSize="20.0f" textColor="whiteColor" fontName="Helvetica"/>
    <theme key="weather_temperature_big" fontSize="68.0f" textColor="whiteColor" fontName="Helvetica" />
    <theme key="weather_button_title" fontSize="15.0f" textColor="whiteColor" />
    <theme key="date_Label" fontSize="18.0f" textColor="whiteColor" />
    <theme key="date_Label_big" fontSize="22.0f" textColor="whiteColor" />
    <theme key="developments_TitleLabel" fontSize="18.0f" textColor="whiteColor" />
    <theme key="developmentsButton_Title" fontSize="14.0f" textColor="whiteColor" />
    <theme key="developmentsIntroLabel" fontSize="14.0f" textColor="whiteColor" />
    <theme key="setting_item_Title" fontSize="20" textColor="#762660" />
    <theme key="weatherTableCell_title" fontSize="18" textColor="whiteColor" />
    <theme key="weatherTableCell_subTitle" fontSize="18" textColor="whiteColor" fontName="Helvetica"/>
    <theme key="buttomLabel" fontSize="16" textColor="whiteColor" />
    <theme key="changePictureButton_title" fontSize="20" textColor="whiteColor" />
    <theme key="next_title" fontSize="20" textColor="whiteColor" />
    <theme key="takePictureButton_title" fontSize="18" textColor="blackColor" />
    <theme key="selectPictureButton_title" fontSize="18" textColor="blackColor" />
    <theme key="skipButton_title" fontSize="18" textColor="blackColor" />
    <theme key="setting_font_small_title" fontSize="16" textColor="whiteColor" highlightColor="#762660" />
    <theme key="setting_font_medium_title" fontSize="18" textColor="whiteColor" highlightColor="#762660" />
    <theme key="setting_font_big_title" fontSize="20" textColor="whiteColor" highlightColor="#762660" />
    <theme key="setting_language_title" fontSize="18" textColor="whiteColor" highlightColor="#762660" />
    <theme key="setting_color_title" fontSize="18" textColor="whiteColor" highlightColor="#762660" />
    <theme key="profile_setting_tableView_title" fontSize="20" textColor="lightGrayColor" />
    <theme key="men_button_title" fontSize="20" textColor="blackColor" />
    <theme key="women_button_title" fontSize="20" textColor="blackColor" />
    <theme key="skip_button_title" fontSize="20" textColor="blackColor" />
    <theme key="my_interest_title" fontSize="18" textColor="whiteColor" />
    <theme key="my_community_title" fontSize="18" textColor="whiteColor" />
    <theme key="picker_button_label" fontSize="19" textColor="whiteColor" />
    <theme key="picker_button_button1" fontSize="21" textColor="grayColor" />
    <theme key="picker_button_button2" fontSize="23" textColor="blackColor" />
    <theme key="myInterest_tableCell_title" fontSize="20" textColor="blackColor" />
    <theme key="okButton_title" fontSize="20" textColor="whiteColor"/>
    <theme key="easysearch_carousel_button" fontSize="18" textColor="whiteColor" />
    <theme key="activity_type_bg" backgroundColor="#e4e8f3" />
    <theme key="activity_area_bg" backgroundColor="#f4e2d8" />
    <theme key="activity_month_bg" backgroundColor="#cdeee7" />
    <theme key="activity_type_title" fontSize="17" textColor="#6376a5" />
    <theme key="activity_area_title" fontSize="17" textColor="#ba8367" />
    <theme key="activity_month_title" fontSize="17" textColor="#017258" />
    <theme key="activity_search_title" fontSize="19" textColor="whiteColor" />
    <theme key="tabhead_title" fontSize="19" textColor="whiteColor" />
    <theme key="myCommunityCentre_title" fontSize="18" highlightColor="#86AD00" textColor="lightGrayColor"  />
    <theme key="myCommunityCentreSubView_title" fontSize="16" highlightColor="#86AD00" textColor="lightGrayColor"/>
    <theme key="label_custom_label" fontSize="19" textColor="#854fa7" />
    <theme key="hot_search_label" fontSize="19" textColor="whiteColor" />
    <theme key="inputUserName" fontSize="18" textColor="#86AD00"/>
    <theme key="newActivityCellTitle" fontSize="20" textColor="#000000"/>
    <theme key="newActivityDetail_bigTitle" fontSize="20"/>
    <theme key="newActivityDetail_subTitle" fontSize="18" textColor="#ffffff"/>
     <theme key="newActivityDetail_subContent" fontSize="15" textColor="#000000" />
      <theme key="newActivityDetail_selector" fontSize="18" textColor="#ffffff" />
     <theme key="newActivityDetail_lowTableTitle" fontSize="20" textColor="#000000" />
    <theme key="newActivityDetail_lowTableContents" fontSize="16" textColor="#c1563f"/>
    <theme key="newActivityDetail_shareIconLabel" fontSize="16" textColor="whiteColor" />

    
    <theme key="locator_title" fontSize="20" textColor="#c49714"/>
    <theme key="locator_button" fontSize="20" textColor="whiteColor"/>
    <theme key="locator_combox" fontSize="20" textColor="#8a8a8a"/>
    <theme key="locator_search" fontSize="20" textColor="whiteColor"/>
    <theme key="setting_select_color_title" fontSize="16" textColor="whiteColor" />

    <theme key="calendar_body_bg" backgroundColor="#b3b3b3" />
    <theme key="calendar_date_header_label" backgroundColor="#5e5e5e" fontSize="16.0f" textColor="whiteColor" />
    <theme key="myActivityCellTitle" fontSize="18" textColor="#ffffff"/>
    <theme key="myActivitySubCellTitle" fontSize="18" textColor="#000000"/>
    <theme key="myActivitySubCellInfo" fontSize="16" textColor="#c1563f"/>

    <theme key="showmore_title" fontSize="18" textColor="balckColor"/>
    
    <theme key="tap_choose_title" fontSize="18" highlightColor="blackColor" textColor="lightGrayColor"/>
    <theme key="inputAge" fontSize="21" textColor="blackColor"/>
    <theme key="inputkeyword" fontSize="21" textColor="blackColor"/>
    
    <theme key="liveTitle" fontSize="14" textColor="whiteColor"/>
    <theme key="mapDetailView" fontSize="13" textColor="blackColor"/>
    <theme key="AR_Title" fontSize="13" textColor="whiteColor"/>
    <theme key="about_Title" fontSize="18" textColor="whiteColor" />
    <theme key="bigWhiteTitleWithClearBg" fontSize="26" textColor="whiteColor" backgroundColor="clearColor"/>

    <!--view controllers-->
</SCMP>
