{
	"resources": {
		"string": [{
			"-name": "animalName1",
			"#text": "Goldfish"
		}, {
			"-name": "animalName2",
			"#text": "Clownfish"
		}, {
			"-name": "animalName3",
			"#text": "Anglerfish"
		}, {
			"-name": "animalName4",
			"#text": "Crab"
		}, {
			"-name": "animalName5",
			"#text": "Shrimp"
		}, {
			"-name": "animalName6",
			"#text": "Lobster"
		}, {
			"-name": "animalName7",
			"#text": "Pearl mussel"
		}, {
			"-name": "animalName8",
			"#text": "Clams"
		}, {
			"-name": "animalName9",
			"#text": "Starfish"
		}, {
			"-name": "animalName10",
			"#text": "Squid"
		}, {
			"-name": "animalName11",
			"#text": "Jellyfish"
		}, {
			"-name": "animalName12",
			"#text": "Pufferfish"
		}, {
			"-name": "animalName13",
			"#text": "Hermit Crabs"
		}, {
			"-name": "animalName14",
			"#text": "Red Lionfish"
		}, {
			"-name": "animalName15",
			"#text": "Sea Urchin"
		}, {
			"-name": "animalName16",
			"#text": "Yellow Seahorses"
		}, {
			"-name": "animalName17",
			"#text": "Octopus"
		}, {
			"-name": "animalName18",
			"#text": "Green Turtle"
		}, {
			"-name": "animalName19",
			"#text": "Stingray"
		}, {
			"-name": "animalName20",
			"#text": "Pacific Walrus"
		}, {
			"-name": "animalName21",
			"#text": "Spotted Seal"
		}, {
			"-name": "animalName22",
			"#text": "Chinese White Dolphin"
		}, {
			"-name": "animalName23",
			"#text": "Shark"
		}, {
			"-name": "animalName24",
			"#text": "Whale"
		}, {
			"-name": "animalName25",
			"#text": "Eurasian Tree Sparrow"
		}, {
			"-name": "animalName26",
			"#text": "Dragonfly"
		}, {
			"-name": "animalName27",
			"#text": "Bee"
		}, {
			"-name": "animalName28",
			"#text": "Bettle"
		}, {
			"-name": "animalName29",
			"#text": "Butterfly"
		}, {
			"-name": "animalName30",
			"#text": "Large-billed Crow"
		}, {
			"-name": "animalName31",
			"#text": "Crested Myna"
		}, {
			"-name": "animalName32",
			"#text": "Bat"
		}, {
			"-name": "animalName33",
			"#text": "Rock Dove"
		}, {
			"-name": "animalName34",
			"#text": "Barn Swallow"
		}, {
			"-name": "animalName35",
			"#text": "Dalmatian Pelican"
		}, {
			"-name": "animalName36",
			"#text": "Bay Woodpecker"
		}, {
			"-name": "animalName37",
			"#text": "Black-headed Gull"
		}, {
			"-name": "animalName38",
			"#text": "Red-Crowned Crane"
		}, {
			"-name": "animalName39",
			"#text": "Greater Flamingo "
		}, {
			"-name": "animalName40",
			"#text": "Northern Shoveler"
		}, {
			"-name": "animalName41",
			"#text": "Macaw"
		}, {
			"-name": "animalName42",
			"#text": "Atlantic Puffin"
		}, {
			"-name": "animalName43",
			"#text": "Asian Barred Owlet"
		}, {
			"-name": "animalName44",
			"#text": "Choco Toucan"
		}, {
			"-name": "animalName45",
			"#text": "Hummingbird"
		}, {
			"-name": "animalName46",
			"#text": "Blue Peafowl"
		}, {
			"-name": "animalName47",
			"#text": "Lappet-faced Vulture"
		}, {
			"-name": "animalName48",
			"#text": "Bald Eagle"
		}, {
			"-name": "animalName49",
			"#text": "German Shepherd Dog"
		}, {
			"-name": "animalName50",
			"#text": "Lynx"
		}, {
			"-name": "animalName51",
			"#text": "Sheep"
		}, {
			"-name": "animalName52",
			"#text": "Dairy Cattle"
		}, {
			"-name": "animalName53",
			"#text": "Squirrel"
		}, {
			"-name": "animalName54",
			"#text": "Raccoon"
		}, {
			"-name": "animalName55",
			"#text": "Impala"
		}, {
			"-name": "animalName56",
			"#text": "Horse"
		}, {
			"-name": "animalName57",
			"#text": "Camel"
		}, {
			"-name": "animalName58",
			"#text": "Red Kangaroo"
		}, {
			"-name": "animalName59",
			"#text": "Koala"
		}, {
			"-name": "animalName60",
			"#text": "Hedgehog"
		}, {
			"-name": "animalName61",
			"#text": "Mandrill"
		}, {
			"-name": "animalName62",
			"#text": "Zebra"
		}, {
			"-name": "animalName63",
			"#text": "Indian Rhinoceros"
		}, {
			"-name": "animalName64",
			"#text": "Hippo"
		}, {
			"-name": "animalName65",
			"#text": "Giant Panda"
		}, {
			"-name": "animalName66",
			"#text": "Indochinese Tiger"
		}, {
			"-name": "animalName67",
			"#text": "Bengal White Tiger"
		}, {
			"-name": "animalName68",
			"#text": "Lion"
		}, {
			"-name": "animalName69",
			"#text": "Leopard"
		}, {
			"-name": "animalName70",
			"#text": "Malayan Sun Bear"
		}, {
			"-name": "animalName71",
			"#text": "Asian Elephant"
		}, {
			"-name": "animalName72",
			"#text": "Gorilla"
		}, {
			"-name": "animalDesc1",
			"#text": "Common Name\nN/A\nBody Length\n\\\"As of April 2008, the largest goldfish in the world was 48cm long according to BBC reports\\\"\nBody Weight\nThe largest goldfish is over 2 pounds\nDistribution\nThe best living temperature of 15 to 18℃\nFunny Facts\nOriginating from China, gold fish is colourful and has become a hotly sought after pet.\nTheir chest is small and couldn\\'t afford the big temperature change.\nSome said that goldfish only have few seconds memory. However, no any scientific test could prove it.\n"
		}, {
			"-name": "animalDesc2",
			"#text": "Common Name\nAnemonefish\nBody Length\n10-18cm\nBody Weight\nAbout 250g\nDistribution\nClown Fish are native to warmer waters of the Indian and Pacific oceans, including the Great Barrier Reef and the Red Sea. While most species have restricted distributions, others are widespread. Anemonefish live at the bottom of shallow seas in sheltered reefs or in shallow lagoons.\nFunny Facts\nThere are currently thirty identified species\nClown Fish and sea anemones have a symbiotic, mutualistic relationship, each providing a number of benefits to the other. The sea anemone protects the clown fish from predators, as well as providing food through the scraps left from the Clown Fish\\'s meals and occasional dead Clown Fish tentacles.\nClown Fish are sequential hermaphrodites, meaning that they develop into males first, and when they mature, they become females. If the female Clown Fish is removed from the group, one of the largest and most dominant males will become a female.\nCharacter of Disney & Pixer Movie \\\"Finding Nemo\\\", Marlin & Nemo are kind of clown fish.\n"
		}, {
			"-name": "animalDesc3",
			"#text": "Common Name\nN/A\nBody Length\n40-60cm\nBody Weight\n300-800g\nDistribution\nLive in tropical and subtropical shallow coastal waters, mainly in the Atlantic, Pacific and Indian Ocean\nFunny Facts\nThere is \\\"lantern\\\" at head of Anglerfish.\nAnglerfish\\'s eyes are on it head . It\\'s bloddy mouth as wide as its body with two rows of tooth\n"
		}, {
			"-name": "animalDesc4",
			"#text": "Common Name\nN/A\nBody Length\nFrom the smallest of a few millimeters (Pea crab), to the largest (counted on the leg to open) 4 meters (Japanese spider crab)\nBody Weight\nFrom a few grams (Pea crab) to 20 kg (Japanese spider crab)\nDistribution\ndistributed the world\\'s oceans, lakes and rivers\nFunny Facts\nCrab\\'s first pair of foot becames a pair of large pliers and their eyes are on pair of poles. They move horizontally and quickly.\nCrabs are omnivorous and eating algae mainly, but sometimes eating microbes, insects, and so on.\n"
		}, {
			"-name": "animalDesc5",
			"#text": "Common Name\nN/A\nBody Length\n8-18cm\nBody Weight\nFrom a few grams to 500 grams or more\nDistribution\nGlobal distributed while mainly found in  seas, river and lakes in China\nFunny Facts\nDivided into marine and fresh water types and there are nearly 2000 species.\nVarious types of shrimps can be kept in fish tanks as pet for admire as well as used to control algae blooms and remove aquarium dirt."
		}, {
			"-name": "animalDesc6",
			"#text": "Common Name\nN/A\nBody Length\n20-40cm\nBody Weight\nabout 0.5kg , the heaviest one is up to 5kg or above\nDistribution\nAmong the warm waters, such as the Caribbean, the Mediterranean, South Africa, especially in the waters near Australia and Asia.\nFunny Facts\nLobster active only at night, their foods including conch, shells, crabs and sea urchins\nUsually, lobsters like to hide in the rocks and coral, we can find a dozen lobsters in cave sometimes .\nA blue lobster was found by a 14-year old girl and her father in the United States. The lobster is kept in the local aquarium now.\n"
		}, {
			"-name": "animalDesc7",
			"#text": "Common Name\nClam\nBody Length\n180mm , length of shell could be 70mm and width is 40mm\nBody Weight\nAbout 50-100g\nDistribution\nLiving in rivers and creeks. Mainly distributed in Guangxi, Zhejiang, Hunan, Anhui and other provinces, part of the river in Dalian also has Yidingshuoliang distribution. Japan and the former Soviet Union also distributed.\nFunny Facts\nPearl mussels are named so because they produce natural pearls\nA little sand was wandered into the mussels and then a glistening, dazzling pearl was born after lengthy period of time.\nThe world\\'s largest pearl weighing 34kg, 1foot wide, 2.2 feet long, worth 35million US dollars.\n"
		}, {
			"-name": "animalDesc8",
			"#text": "Common Name\nN/A\nBody Length\nShells length about 40 mm and height 30 mm are common found in China\nBody Weight\n5-20g\nDistribution\nRegions other than Antarctica\nFunny Facts\nIn Hong Kong there are lots of people going to find clams during summer holidays, but this will affect other creatures and destroy their natural habitats.\n"
		}, {
			"-name": "animalDesc9",
			"#text": "Common Name\nSea Star\nBody Length\n20-30cm\nBody Weight\nFrom the lightest 8-10g (Paddle-spined seastar) to the heaviest 5kg (Sunflower seastar)\nDistribution\nSandy, coral reefs and various depths of the ocean\nFunny Facts\nStarfish is one of the animals that can quickly regrow its lost body parts. For example, if a tentacle is lost, it can quickly regrow in a short period of time\nThey can be used for traditional Chinese medicine ingredients\n"
		}, {
			"-name": "animalDesc10",
			"#text": "Common Name\nInkfish, Calamari (culinary name)\nBody Length\nFrom 1cm long (Bobtail squid), to 12-14m (Colossal squid)\nBody Weight\nFrom the lightest 5-10g (Bobtail squid), to the giant size 750kg (Colossal squid)\nDistribution\nMainly in tropical and temperate ocean\nFunny Facts\nSquid is not a fish, it is mollusk which lives in Ocean\nThey are active at night and so fishermen often use frashlight to attract them and then catch them with net.\n"
		}, {
			"-name": "animalDesc11",
			"#text": "Common Name\nN/A\nBody Length\nThe largest species, Lion’s Mane Jellyfish (Cyanea capillata), can have tentacles reaching about 36m. The tiniest species are less than 2cm long.\nBody Weight\nSome species can exceed 200kg\nDistribution\ncircumglobal distributed from tropical to polar waters.\nFunny Facts\nSea jellies appeared before dinosaurs. They have been living on Earth for over 650 million years.\nThe tentacles of sea jellies are used for feeding and defense.\nOne of the most venomous species, sea wasps (Chironex fleckeri), can poison a human to death in a few minutes.\n"
		}, {
			"-name": "animalDesc12",
			"#text": "Common Name\nBalloonfish\nBody Length\n25-35cm\nBody Weight\n800g-7kg\nDistribution\n45 degrees north latitude to 45 degrees south latitude\nFunny Facts\nTheir whole boday will become a ball and those small thorns rise as protection when they counter danger\nMost of them are highly venomous in their skin, liver and gonads.We should handle carefully when eating them.\n"
		}, {
			"-name": "animalDesc13",
			"#text": "Common Name\nN/A\nBody Length\nDiameter of maximum dwelling snails up to 15cm above\nBody Weight\nFrom a few grams to 4.1kg (Coconut Crab)\nDistribution\nThe coast of the Yellow River and South China Sea\nFunny Facts\nHermit crabs often stranger to shells to protect their soft abdomen\n"
		}, {
			"-name": "animalDesc14",
			"#text": "Common Name\nPterois volitans\nBody Length\n25-40cm\nBody Weight\nUp to 1.2kg\nDistribution\nAt the temperate zone against the inner coastal reef or reef, located in India, the warm waters of the western Pacific\nFunny Facts\nLionfishs are not good fin is large, but not good at swimming, often hiding in reef crevices, and so when they catch their prey close immediately.\n"
		}, {
			"-name": "animalDesc15",
			"#text": "Common Name\nSea Hedgehogs\nBody Length\n6-12cm\nBody Weight\nFrom more than 10 grams to 100 grams range\nDistribution\nWorldwide distributed in seas\nFunny Facts\nSea urchins are timid, they will \\\"run away\\\" when saw the enemy. However, they can not move very fast.\n"
		}, {
			"-name": "animalDesc16",
			"#text": "Common Name\nCommon Seahorse, Estuary Seahorse, Spotted Seahorse\nBody Length\n7-17cm\nBody Weight\nFrom few grams to 1kg\nDistribution\nThroughout the inshore waters and estuaries of southeast Asia, Australia, Japan and other islands in the Pacific region\nFunny Facts\nYellow seahorses are poor swimmers. They lack caudal fins and only use their dorsal fins for propulsion. Using their prehensile tails, they usually cling to seagrass and other substrates. They can change colour patterns to camouflage themselves.\nYellow seahorses are monogamous and will find a new partner only when they lose the old one. During courtship and to enhance their relationship, they change colours, twine their tails together and dance. When they mate, the females deposit their eggs into the brooding pouch of the males.\n"
		}, {
			"-name": "animalDesc17",
			"#text": "Common Name\nN/A\nBody Length\nLarge octopus \\'s tentacle are in 5-10 meters\nBody Weight\nLarge octopus \\'s weight up to 45kg\nDistribution\nWorldwide distributed in the tropical and temperate seas\nFunny Facts\nOctopus has eight sensitve tentacles with more than 300 suckers. Each of them can pull 100 grams.\nOctopus is powerful and wise. Many marine animals are afraid of it.\n"
		}, {
			"-name": "animalDesc18",
			"#text": "Common Name\nN/A\nBody Length\n90-125cm\nBody Weight\nMore than 100kg\nDistribution\nTropical and subtropical seas\nFunny Facts\nMarine turtles fulfill important roles in marine ecosystems as they help to maintain seagrass beds and make them more productive. Without grazing by green turtles, seagrass blades grow tall and get choked by sediments that obscure the light and promote disease.\nThe Mediterranean population is categorized as Critically Endangered in the IUCN Red List.\n"
		}, {
			"-name": "animalDesc19",
			"#text": "Common Name\nDevil Fish\nBody Length\n60cm-7m\nBody Weight\n350kg\nDistribution\nTropical and warm temperate waters along the mainland and islands\nFunny Facts\nAlthough wen called them as the Devil fish, they are actually a very gentle creatures. They eat plankton and small fish mainly.　\nDevil fish tail with weak electronic current but no toxic, but in the form of somewhat similar stingray tail with poison.\nStingray sometimes jump out of the water and then rushed back to the water. This may help to remove parasites and may also a way of communicating with each others\n"
		}, {
			"-name": "animalDesc20",
			"#text": "Common Name\nN/A\nBody Length\n3.0-3.6m\nBody Weight\nMale: up to 1,700kg ;  Female: up to 1,250kg\nDistribution\nWalruses live in the Arctic and subarctic. This subspecies is found in marginal seas of the North Pacific and Arctic Ocean.\nFunny Facts\nThe tusks of walruses are their canines, which can grow up to 1 m long. They plunge these large teeth into ice to make breathing holes, or to pull their bulky bodies out of the water. Male walruses also use them aggressively to defend their territory and protect their harems.\nTo protect themselves from the cold, walruses have thick layers of blubber to conserve heat. The blood vessels near the skin can also be constricted to reduce blood flow and thus minimise heat loss.\n"
		}, {
			"-name": "animalDesc21",
			"#text": "Common Name\nLarga Seal\nBody Length\n1.5-1.7m\nBody Weight\n65-115kg\nDistribution\nInshore regions of North Pacific and the Arctic Ocean\nFunny Facts\nSpotted seals are born with a white, fluffy coat of fur. This is shed after 2 to 4 weeks for a silvery-grey coat with dark spots.\nThey congregate on the shore or on the ice, which makes smell an important sense for spotted seals to maintain relationships among individuals, especially between mating pairs and between mothers and their offspring.\nCommercial fisheries threaten spotted seals by reducing the availability of their food and entangling them in fishing gear.\n"
		}, {
			"-name": "animalDesc22",
			"#text": "Common Name\nPink Dolphin\nBody Length\n2.0-2.5m\nBody Weight\n200-250kg\nDistribution\nWestern Pacific, Indian Ocean and even South Africa\nFunny Facts\nAlthough they called white dophin, baby dophins are in dark grey and becone grey when in teenagers stage. Adult dophins are pink in colour.\nWithin Hong Kong waters, the dolphins prefer to stay close to the shore. In particular, they are known to be in North Lantau waters near Castle Peak, Lung Kwu Chau and Sha Chau Marine Park, Chek Lap Kok and Tai O. They are also found in the waters south of Lantau, including Fan Lau and the Soko Islands.\n"
		}, {
			"-name": "animalDesc23",
			"#text": "Common Name\nN/A\nBody Length\n18cm-18m\nBody Weight\nThere have been weighing about 21.5tons of whale sharks\nDistribution\nFrom 0 to 1300m of water\nFunny Facts\nSharks are efficient predators, with a highly developed sense of smell, hearing and sight. They can scent their prey in the water from great distances, and their sensitive eyes can see clearly even in the dim light of the deep ocean.\nOnly a few of these species have records that they attacked on humans. Yet sharks continue to hold a negative reputation as a danger to people.\nWhat is the largest of all fish ? Whale shark\n"
		}, {
			"-name": "animalDesc24",
			"#text": "Common Name\nN/A\nBody Length\n1-34m\nBody Weight\nDwarf sperm whale weight 135kg while blue whale weight up to 190tons\nDistribution\nMost of them are living in Ocean , rarly in river\nFunny Facts\nWhale is not a fish. It is mammal.\nMost whales are an endangered species and there is the possibility of extinction.\nThe blue whale is the largest creature on Earth.\n"
		}, {
			"-name": "animalDesc25",
			"#text": "Scientific Name\nPasser montanus\nFamily\nPasseridae\nDistribution\nEurasia, Europe, the Middle East, Southeast Asia, East Asia, China\nFun Facts\nSparrows are gregarious and omnivorous, feed on mostly plants such as grains and insects. During the breeding season, they prefer protein-rich insects and these form a large part of their diet at that time.Eurasian Tree Sparrow is one of the most commonly seen birds in the urban area of Hong Kong. Meanwhile, they tend to live around people and are probably well adapted to living in urban area too.\nPhoto: Eurasian Tree Sparrow by 陳佳瑋/HKBWS\n"
		}, {
			"-name": "animalDesc26",
			"#text": "Common Name\nN/A\nBody Length\n5-15cm, wingspan 10-18cm\nBody Weight\n5-10g\nDistribution\nFound on every continent except Antarctica\nFunny Facts\nDragonflies are carnivorous insects, mainly predatory mosquitoes, flies, butterflies, and even other species of dragonflies.\nAn adult dragonfly’s compound eye has nearly 24,000 ommatidia.\n"
		}, {
			"-name": "animalDesc27",
			"#text": "Common Name\nN/A\nBody Length\nQueen Bee (2-2.5 cm), Drone Bee (1.5-2 cm), Worker Bee (1-1.5 cm)\nBody Weight\n>3g\nDistribution\nFound on every continent except Antarctica\nFunny Facts\nA colony generally contains one queen bee in the colony (some exceptions there are two queens), 10,000-150,000 worker bees, and 500 -1500 drone bees.\nThe lifespan of queen bee up to several years, while the drone bee is only a few months, the worker bee is only 45 days.\nQueen and drone bees not have stinger for attack, only worker bees have stinger for sting.\n"
		}, {
			"-name": "animalDesc28",
			"#text": "Common Name\nN/A\nBody Length\nSmall speceies only 0.25cm while larger species are 20cm\nBody Weight\n>100g\nDistribution\nApart from Ocean, they are widely distrubuted  like mountains, plains, rivers, marshes & soil\nFunny Facts\nBeetles like another insects, body separated in head,  chest and abdomen with six legs\nClour of beetles are various\n"
		}, {
			"-name": "animalDesc29",
			"#text": "Common Name\nN/A\nBody Length\n(The largest) wingspan of 280 mm (Queen Alexandra\\'s birdwing)；(The smallest) only 16 mm (Western pygmy blue)\nBody Weight\n1-5g\nDistribution\nFound on every continent except Antarctica\nFunny Facts\nButterflies are holometabolism insects and have a four-stage life cycle; egg, larva (caterpillar), pupa (chrysalis) and imago (adult).\nButterflies in their adult stage can live from a week to nearly a year depending on the species.\n"
		}, {
			"-name": "animalDesc30",
			"#text": "Scientific Name\nCorvus macrorhynchos\nFamily\nCorvidae\nDistribution\nEastern Asia\nFun Facts\nThe Crows are the top in the avian intelligence index based on 2,000 reports of feeding \\'\\'innovations\\'\\' observed in the wild. Large-billed crow,  a resident throuhout Hong Kong, can be identified by their calls which has a typically loud and lond\\' Ar-ar-ar-\\'call.\nPhoto: Large-billed Crow by ChungYunTak (HKBWS)\n"
		}, {
			"-name": "animalDesc31",
			"#text": "Scientific Name\nAcridotheres cristatellus\nFamily\nSturnidae\nDistribution\nNorth india to Eastern China\nFun Facts\nStarlings and Mynas are medium-sized land birds. They are popular cagebird.\n\nInfo by : HKBWS\n"
		}, {
			"-name": "animalDesc32",
			"#text": "Common Name\nN/A\nBody Length\n(The smallest) 29-34mm, 15cm across the wings (Kitti\\'s hog-nosed bat); (The largest) 6-18cm, 1.7m across the wings (Giant golden-crowned flying fox)\nBody Weight\n(The lightest) 2-2.6g (Kitti\\'s hog-nosed bat) ; (The heaviest) 1.6 kg (Giant golden-crowned flying fox)\nDistribution\nFound on every continent except the polar and some islands in the ocean\nFunny Facts\nMegabat suborder bats eyes are quite large and vision, they mainly rely on the visual to identify objects; microbat suborder bats usually vision degradation, small eyes, mainly rely on echo to identify the object.\nInsectivores make up 70% of bat species and locate their prey by means of echolocation.\n"
		}, {
			"-name": "animalDesc33",
			"#text": "Scientific Name\nColumba livia\nFamily\nColumbidae\nDistribution\nNative species are found in parts of the Indian subcontinent, in the southern part of the Palearctic, and are introduced to many parts of the world. Nowadays, many towns have rock dove.\nFun Facts\nDoves feed on seeds, fruit and buds. It was told that doves were used as messengers in the past. Feral Piegons are the escaped urban descendants of Rock Doves.\nPhoto: Rock Dove by 葉大雄 (HKBWS)\n"
		}, {
			"-name": "animalDesc34",
			"#text": "Scientific Name\nHirundo rustica\nFamily\nHirundinidae\nDistribution\nNorthern hemisphere\nFun Facts\nGregarious and familiar birds that occur worldwide. Swallows feed on flying insects such as flies. They regularly perch on overhead wires. In Summer, nest of Barn Swallow is not rare to see in the old area like Sham Shui Po in Hong Kong.\n\nPhoto: Barn swallow by Pippen/HKBWS\n"
		}, {
			"-name": "animalDesc35",
			"#text": "Scientific Name\nPelecanus crispus\nFamily\nPelecanidae\nDistribution\nA large water bird of all continents except Antarctica\nFun Facts\nPelicans are very large birds with long bills (grow up to 50cm) . They are easily identified by it\\'s gular pouches.  Pouches are essential part of hunting,pelicans use it to scoop up fish. In the film《Finding Nemo》 the pelican \\\"Nigel\\\" is a Brown pelican.\n\nPhoto: Dalmatian Pelican by Pippen Ho (HKBWS)\n"
		}, {
			"-name": "animalDesc36",
			"#text": "Scientific Name\nBlythipicus pyrrhotis\nFamily\nPicidae\nDistribution\nThe Himalayas, South of China and India\nFun Facts\nWoodpecker have strong and pointed beak for tapping on tree trunks. They also have a long tongue with a glkue-like substance on the tip for catching insects.\n\nPhoto: Bay Woodpecker by 陳士飛 (HKBWS)\n"
		}, {
			"-name": "animalDesc37",
			"#text": "Scientific Name\nChroicocephalus ridibundus\nFamily\nLaridae\nDistribution\nMainly distribute in Asia, Europe, Australia, Alaska and western North America, and migrate to the South in the winter\nFun Facts\nGulls are opportunists. They feed on a wide variety of food like fish and insects.\nPhoto: Black-headed Gull by 葉大維 (HKBWS)\n"
		}, {
			"-name": "animalDesc38",
			"#text": "Scientific Name\nGrus japonensis\nFamily\nGruidae\nDistribution\nHeilongjiang (China), Russia and Japan\nFun Facts\nCranes are very large and have an elongated tertials droop over the tail at rest. Red-Crowned Crane is a symbol of fidelity, good luck, love and long life. Adults usually pair for life. However, they almost became fashion victims due to rampant hunting of their stunning plumage.\n\nPhoto: Red-crowned Crane by Owen Chiang (HKBWS)\n"
		}, {
			"-name": "animalDesc39",
			"#text": "Scientific Name\nPhoenicopterus roseus\nFamily\nPhoenicopteridae\nDistribution\nIndia, Africa and Central of South America\nFunny Facts\nGreater Flamingos live and feed in groups. Young flamingos are born gray and white and will turn pink after two years. The pink color of a flamingo\\'s feathers come from the pigment of their diet. They are omnivores and feed on small organisms like tiny fish and plankton.\n\nPhoto: Greater Flamingo  by Jessica Wong (HKBWS)\n"
		}, {
			"-name": "animalDesc40",
			"#text": "Scientific Name\nAnas clypeata\nFamily\nAnatidae\nDistribution\nFound on every continent except Antarctica\nFun Facts\nAntudae is a huge family that include ducks, geese and swans.  Northern Shoveler is a dabbling duck which upend in the shallow water and take food from the surface.\n\nPhoto: Northern Shoveler by Jessica Wong (HKBWS)\n"
		}, {
			"-name": "animalDesc41",
			"#text": "Scientific Name\nAra spp.\nFamily\nPsittacoidea\nDistribution\nCentral America and North America (only Mexico), South America, and formerly the Caribbean\nFun Facts\nThey have two toes pointing forward and two backward to grab, hold, and examine items also to latch onto branches. Many macaws have colorful plumage which is suited to life in rain forest with so many colorful fruits and flowers.\n\nInfo by : HKBWS\n"
		}, {
			"-name": "animalDesc42",
			"#text": "Scientific Name\nFratercula arctica\nFamily\nAlcidae\nDistribution\nNorth Atlantic Ocean, North Pacific Ocean, Iceland\nFun Facts\nPuffin\\'s bill appears colourful in the spring which may help attracting potential mates. The puffin shed the colourful outer parts of their bills after the breeding season, leaving a smaller and duller beak. They are carnivore and hunt small fish like herring or sand eels.\n\nPhoto: Atlantic Puffin by Woo Ming Chuan (HKBWS)\n"
		}, {
			"-name": "animalDesc43",
			"#text": "Scientific Name\nGlaucidium cuculoides\nFamily\nStrigidae\nDistribution\nAll continents except Antarctica\nFun Facts\nOwls are nocturnal birds of prey. Owls\\' near silent wings has been studied by scientists who hope to develop quieter aircraft.  Owls\\' eye are shaped like tubes thus they are not able to move their eyes. Instead, they turn their necks about 270 degree and 90 degree up and down.\n\nPhoto: Asian Barred Owlet by Andy Kwok (HKBWS)\n"
		}, {
			"-name": "animalDesc44",
			"#text": "Scientific Name\nRamphastos brevis\nFamily\nRamphastidae\nDistribution\nSouth Mexico, Central America, North America and the Caribbean\nFun Facts\nDespite of the huge size of Toucan\\'s bill, the bill itself is actually hollow and is thus very light weight. Their toes are arranged in pairs with the first and fourth toes turned backward.\n\nPhoto: Choco Toucan by Chung Yun Tak (HKBWS)\n"
		}, {
			"-name": "animalDesc45",
			"#text": "Scientific Name\nApodiformes\nFamily\nTrochilidae\nDistribution\nOnly distributed in the Americas\nFunny Facts\nThey are capable of hovering in the air in rapid flapping wings (15 to 80 times per second, depending on bird size) and are the only birds that can fly backwards\n"
		}, {
			"-name": "animalDesc46",
			"#text": "Scientific Name\nPavo cristatus\nFamily\nPhasianidae\nDistribution\nOriginal in India and Sri Lanka\nFun Facts\nPeafowl are omivores and their diet consists of plants and animals like young Cobra snakes and amplibians. You can easily tell the gender of the Indian peafowl. One of the gender characteristics is that the male has a long train feathers while the female do not.\n\nPhoto: Indian peafowl by 文權溢 (HKBWS)\n"
		}, {
			"-name": "animalDesc47",
			"#text": "Scientific Name\nTorgos tracheliotos\nFamily\nAccipitridae\nDistribution\nEurope, Asia, Africa and the Americas\nFun Facts\nVultures have bald heads and usually do not have feathers on their necks. They are natural garbage collectors which feeds on the carcasses of smaller animals.\n\nPhoto: Lappet-faced Vulture by Helen Fong (HKBWS)\n"
		}, {
			"-name": "animalDesc48",
			"#text": "Scientific Name\nHaliaeetus leucocephalus\nCommon Name\nN/A\nDistribution\nMost of North America\\'s territory and North Mexico\nFun Facts\nThe bald eagle is the national bird of the United States of America because of its long life, great strength and majestic looks.\n\nInfo by : HKBWS"
		}, {
			"-name": "animalDesc49",
			"#text": "Common Name\nGerman Shepherd Dog\nBody Length\nMale: 60-65 cm ; Female: 55-60cm\nBody Weight\nMale: 33-38kg; Female: 26-31kg\nDistribution\nOrgin from Germany\nFunny Facts\nGerman Shepherds Dog are very smart, their IQ ranked third in the ranking of all dogs\nThey are active and esponsive and so often assigend to assisted in tasks, such as police, guard, search and rescue and military aid.\nThey are loyal pets, they like to be close to people (including children) and other animals.\n"
		}, {
			"-name": "animalDesc50",
			"#text": "Common Name\nN/A\nBody Length\nBody length: 80-130cm , Tail length: 26-23cm\nBody Weight\naround 15-30kg\nDistribution\nBelongs to the north temperate cold region animals dwelling in the cold mountain areas\nFunny Facts\nLike a cat but much larger than a cat. Their major food are snowshoe hares.\n"
		}, {
			"-name": "animalDesc51",
			"#text": "Scientific Name\nOvis aries\nCommon Name\nHome sheep / White sheep\nBody Length\n70cm\nBody Weight\n45-160kg (Males) 45-100kg (Fmales)\nDistribution\nOrgin from Europe, Central and Nothsouth districts of Asia\nFunny Facts\nSheep is the world\\'s largest number of species, totally more than one billion\nSheep are tender and love cleaning. They like to eat clean food and drink cool water.\n"
		}, {
			"-name": "animalDesc52",
			"#text": "Common Name\ndairy cows or milk cows\nBody Length\n160-200cm\nBody Weight\n500-800kg\nDistribution\nAll over the continent except Antarctica.\nFunny Facts\nA dairy cattle can produce 18,000 liters of milk per year\nThe natural life span of a cow is about 20 years, but the life of calves and milk-producing dairy cattle is only six to seven years.\n"
		}, {
			"-name": "animalDesc53",
			"#text": "Scientific Name\nSciuridae\nCommon Name\nN/A\nBody Length\nSmall species are 7-10cm ;  large species are 53-73cm\nBody Weight\nSmall species are around 10g ;  large species are around 5-8kg\nDistribution\nWorldwide distributed in addition to Oceania and Antarctica.\nFunny Facts\nSquirrels are generally in small shape with long bushy tail\nSquirrels mainly eat seeds and nuts, they also eat bird eggs and fruits such as cherries.\nNewborn squirrels can not see anything and they opened his eyes after nearly 30 days.\n"
		}, {
			"-name": "animalDesc54",
			"#text": "Scientific Name\nProcyon lotor\nCommon Name\nNorth American raccoon\nBody Length\nBody Length: 40-65cm. Tail length:  25-35cm\nBody Weight\n5.5-9.5kg\nDistribution\nMainly in Canada, the United States, Mexico, North America\nFunny Facts\nRaccoon eyes were black, like wearing a \\\"sunglasses\\\". White in colour around eyebrows, nose, mouth, just like \\\"robber makeup.\\\"\nIt is called \\\"raccoon\\\" because we can often see raccone washes away the dirt of those food. This act like people washing vegetables & fruits near the river.\n"
		}, {
			"-name": "animalDesc55",
			"#text": "Scientific Name\nAepyceros melampus\nCommon Name\nN/A\nBody Length\n70-92cm at the shoulder, horns are 45-92cm long\nBody Weight\nAbout 40-76kg\nDistribution\nEastern to Southern Africa\nFunny Facts\nImpala with hollow and solid angle, there are different from cattle, sheep.\nImpala can leap up to 3 metres\n"
		}, {
			"-name": "animalDesc56",
			"#text": "Scientific Name\nEquus ferus caballus\nCommon Name\nN/A\nBody Length\nThe larger species height more than 200cm while smaller species height 60cm only\nBody Weight\nThose larger species could be weight more than 1200kg\nDistribution\nWidely distributed around the world, native to the grasslands of Central Asia\nFunny Facts\nHorses are timid and they are easily affected by sudden sound like bomb. They also afriad erratic things like balloon.\n"
		}, {
			"-name": "animalDesc57",
			"#text": "Scientific Name\nCamelus\nCommon Name\nN/A\nBody Length\nSome mature camel height 1.85m (from toe to shoudler) while height 2.15m (from toe to hump)\nBody Weight\n300-1000kg\nDistribution\nAsia, India and Arifa\nFunny Facts\nCamels and other animals are not the same, particularly resistant to hunger and thirsty. People riding camels across the desert and so camels has a \\\"ship of the desert\\\" reputation.\nCamels can without eating for four to five days because fat have been stored at their hump. In addition, there are many small bottle shapes bubbles in  camel\\'s stomach which help storing water.\n"
		}, {
			"-name": "animalDesc58",
			"#text": "Scientific Name\nMacropus rufus\nCommon Name\nN/A\nBody Length\nBaby kangaroo as big as a peanut while adult kangaroo height about 1.6m\nBody Weight\nAdult kangaroo weight can be up to 50kg\nDistribution\nOrigin in parts of the continent of Australia\nFunny Facts\nKangaroo use their lower limb for jumping which  running speed up to 50 km\nKangaroo has a \\\"multi-purpose\\\" of the tail .  Use it to support when taking rest and keep balance. Tails acts as an important balancing tool when running . Also, kangaroo tail can be important offensive and defensive weapons.\n"
		}, {
			"-name": "animalDesc59",
			"#text": "Scientific Name\nPhascolarctos cinereus victor\nCommon Name\nKoala Bear\nBody Length\nLength up to 82cm\nBody Weight\nBody Weight Up to 13.5kg\nDistribution\nEucalyptus forests in the southern part of Australia, including southern New South Wales, Victoria and South Australia\nFunny Facts\nThough sometimes called “koala bears”, koalas are marsupials, not bears. They have a pouch to carry their baby which is very undeveloped at birth. The newborn crawls quickly into the pouch and stays there for around half a year.\n\\\"Koala\\\" is an ancient Aboriginal word meaning \\\"no drink\\\" because it receives over 90% of its hydration from the Eucalyptus leaves.\nThey are nocturnal animals and the body metabolism is slow, daily sleep 17-20 hours.\n"
		}, {
			"-name": "animalDesc60",
			"#text": "Scientific Name\nErinaceinae\nCommon Name\nSome chinese called them \\\"melon thief\\\"\nBody Length\n180-240cm\nBody Weight\n255-540g\nDistribution\nWidely distributed in Europe, northern Asia, and is also distributed in China\\'s north and the Chang Zhang River\nFunny Facts\nHedgehogs likes move at night. Insects and worms as their main food. They can eat 200 grams of insects at one night.\nThey will row their body like a ball and those thorns will be moved outward as protection.\n"
		}, {
			"-name": "animalDesc61",
			"#text": "Common Name\nN/A\nBody Length\n55-100cm\nBody Weight\n12.4kg (Females) 32.3kg (Males)\nDistribution\nTropical rain forest of Southern Cameroon, Gabon, Equatorial Guinea and Congo\nFunny Facts\nMandrill has been classified in the past as baboons, it is often misunderstood as baboons, in fact, the mandrill is the world\\'s largest monkey.\nBody hair is olive, the color of the males face is more abundant.\nIn the film《Lion King》 the shaman \\\"Rafiqi\\\" is a mandrill or baboon? Answer: Male Mandril\n"
		}, {
			"-name": "animalDesc62",
			"#text": "Common Name\nN/A\nBody Length\nAdult zebra is about 2.3m height and shouder height is about 1.5m\nBody Weight\n300-400kg.  The most heaviest is more than 410kg\nDistribution\nThey are orgin from Africa\nFunny Facts\nThere are  many stripes on their body. Each of them are unique for recognizing each others and as protection as well\n"
		}, {
			"-name": "animalDesc63",
			"#text": "Common Name\nN/A\nBody Length\n3.68-3.8m  (Males)  3.1-3.4m(Females)\nBody Weight\n2200kg (Males) 1600kg (Females)\nDistribution\nNepal and the Assam of India\nFunny Facts\nSingle horn is present in both males and females, is the world\\'s largest large single-horn rhinoceros.\nThey can run at speeds of up to 55km/h for short periods and are excellent swimmers. They have excellent senses of hearing and smell, but relatively poor eyesight.\nCourtship will use the jaw a few 3.5-inch fangs bite each other, once can eat 50 pounds of plants.\n"
		}, {
			"-name": "animalDesc64",
			"#text": "Common Name\nN/A\nBody Length\n3-5m\nBody Weight\n1500kg (Average)\nDistribution\nCentral and Southern Africa\nFunny Facts\nHippo looks cute, but in fact even more aggressive, is one of the most dangerous animals in Africa, but also the third-largest size of land mammal.\nIt\\'s skin thickness of 15 cm, provides excellent protection, four canines and incisors up to 50 cm long,  capable open its mouth nearly 180°, bite force up to 2500 pounds, once can eat 100 pounds of plants.\nEven the third-largest size of land mammal, it\\'s capable gallop at 30 km/h (19 mph) on land.\n"
		}, {
			"-name": "animalDesc65",
			"#text": "Common Name\nPanda\nBody Length\n120-180cm\nBody Weight\n100kg\nDistribution\nBamboo forests, endemic to 3 provinces of China – Sichuan, Shaanxi and Gansu\nFunny Facts\nTiny newborn giant pandas weigh about 100 g. When they grow up, they can weigh up to about 100 kg, or 1,000 times heavier than when they were born.\nGiant pandas need 4,300 to 5,500 kilocalories of food per day to survive, the equivalent of 20 bowls of rice or 20 hamburgers for humans.\n"
		}, {
			"-name": "animalDesc66",
			"#text": "Common Name\nTo commemorate the British naturalist Jim Corbett, so the Indo-Chinese tiger is also known as the Corbett\\'s tiger.\nBody Length\n255-285cm (Males) 230-255cm (Females)\nBody Weight\n150-195kg (Males) 100-130kg (Females)\nDistribution\nMyanmar, Thailand, Lao PDR, Vietnam, Cambodia and China\nFunny Facts\nHunting deer, wild boar, monkeys, bison, leopards and bears. When food is scarce, it also eats fish and turtle.\n"
		}, {
			"-name": "animalDesc67",
			"#text": "Common Name\nWhite Tiger\nBody Length\n2.7-3.1m (Males) 2.4-2.65m (Females)\nBody Weight\n180-258kg (Males) 100-160kg (Females)\nDistribution\nIn the world by human captivity\nFunny Facts\nThe first wild Bengal white tiger was discovered and captured in India in 1951 and was named \\\"Mohan\\\", meaning \\\"confusing\\\".\nThe white fur caused by a lack of the pigment pheomelanin.\nBecause they are too conspicuous, it is difficult to survive in the wild, so the existing mostly by human captivity.\n"
		}, {
			"-name": "animalDesc68",
			"#text": "Common Name\nKing of Beasts\nBody Length\n170-250cm (Males) 140-175cm (Females)\nBody Weight\n150-250kg (Males) 120-185kg (Females)\nDistribution\nGrassland of Sub-Saharan Africa\nFunny Facts\nIt is the second-largest living cat after the tiger\nChina did not have a lion, and the earliest to enter China\\'s lion, is came from South Asia and West Asia lion, rather than the African lion, is the Eastern Han Dynasty Yueshi gave the Han government gift.\n"
		}, {
			"-name": "animalDesc69",
			"#text": "Common Name\nN/A\nBody Length\n90-190cm\nBody Weight\n37-90kg (Males)  28-60kg (Females)\nDistribution\nSouthern Africa to Central Asia, East Asia, north to northeast China and Southeast Asia\nFunny Facts\nAbility to run at speeds of up to 58km/hr, both swimming, will climb trees.\nLeopard sometimes blackening phenomenon, that is black panthers, skin and hair on a large number of melanin, but still vaguely see the spots.\n"
		}, {
			"-name": "animalDesc70",
			"#text": "Common Name\nN/A\nBody Length\n120-150cm\nBody Weight\n27-80kg\nDistribution\nPatchy distribution in mainland Southeast Asia, ranges from Bangladesh to Yunnan Province in China and till the south to Malaysia.\nFunny Facts\nIs the smallest of the bears.\nExceptionally long tongue 20-25cm to extract insects and honey.\n"
		}, {
			"-name": "animalDesc71",
			"#text": "Common Name\nN/A\nBody Height\n2.75m (Males) 2.4m (Females)\nBody Length\n5.5-6.5m\nBody Weight\n180-258kg (Males) 100-160kg (Females)\nDistribution\nIsolated population in 13 Asian countries, such as India, Myanmar and Indonesia.\nFunny Facts\nThe nostrils are at its tip, which has a one finger-like process.\nThe trunk contains as many as 60,000 muscles, which consist of longitudinal and radiating sets.\nFemale Asian elephants usually lack tusks; if tusks are present, they are barely visible, and only seen when the mouth is open.\n"
		}, {
			"-name": "animalDesc72",
			"#text": "Common Name\nN/A\nBody Height\n170-180cm\nBody Weight\n135-180kg\nDistribution\nThe tropical rainforest of the Congo lowlands, and the Congo, Uganda and Rwanda border Virunga Mountains and Bwindi  mountains.\nFunny Facts\nThe DNA of gorillas is highly similar to that of humans, from 95–99% depending on what is counted, and they are the next closest living relatives to humans after the chimpanzees and bonobos.\nWith an arm span that stretches from 2.3-2.6m\nLike humans, gorillas have individual finger prints.\n"
		}]
	}
}