{
	"resources": {
		"string": [{
			"-name": "animalName1",
			"#text": "金鱼"
		}, {
			"-name": "animalName2",
			"#text": "小丑鱼"
		}, {
			"-name": "animalName3",
			"#text": "鮟鱇鱼"
		}, {
			"-name": "animalName4",
			"#text": "螃蟹"
		}, {
			"-name": "animalName5",
			"#text": "虾"
		}, {
			"-name": "animalName6",
			"#text": "龙虾"
		}, {
			"-name": "animalName7",
			"#text": "珍珠蚌"
		}, {
			"-name": "animalName8",
			"#text": "蚬"
		}, {
			"-name": "animalName9",
			"#text": "海星"
		}, {
			"-name": "animalName10",
			"#text": "鱿鱼"
		}, {
			"-name": "animalName11",
			"#text": "水母"
		}, {
			"-name": "animalName12",
			"#text": "河豚"
		}, {
			"-name": "animalName13",
			"#text": "寄居蟹"
		}, {
			"-name": "animalName14",
			"#text": "狮子鱼"
		}, {
			"-name": "animalName15",
			"#text": "海胆"
		}, {
			"-name": "animalName16",
			"#text": "黄海马"
		}, {
			"-name": "animalName17",
			"#text": "八爪鱼"
		}, {
			"-name": "animalName18",
			"#text": "绿海龟"
		}, {
			"-name": "animalName19",
			"#text": "魔鬼鱼"
		}, {
			"-name": "animalName20",
			"#text": "太平洋海象"
		}, {
			"-name": "animalName21",
			"#text": "斑海豹"
		}, {
			"-name": "animalName22",
			"#text": "中华白海豚"
		}, {
			"-name": "animalName23",
			"#text": "鲨鱼"
		}, {
			"-name": "animalName24",
			"#text": "鲸鱼"
		}, {
			"-name": "animalName25",
			"#text": "树麻雀"
		}, {
			"-name": "animalName26",
			"#text": "蜻蜓"
		}, {
			"-name": "animalName27",
			"#text": "蜜蜂"
		}, {
			"-name": "animalName28",
			"#text": "甲虫"
		}, {
			"-name": "animalName29",
			"#text": "蝴蝶"
		}, {
			"-name": "animalName30",
			"#text": "大嘴乌鸦"
		}, {
			"-name": "animalName31",
			"#text": "八哥 (通称:了哥)"
		}, {
			"-name": "animalName32",
			"#text": "蝙蝠"
		}, {
			"-name": "animalName33",
			"#text": "原鸽"
		}, {
			"-name": "animalName34",
			"#text": "家燕"
		}, {
			"-name": "animalName35",
			"#text": "卷羽鹈鹕"
		}, {
			"-name": "animalName36",
			"#text": "黄嘴栗啄木鸟"
		}, {
			"-name": "animalName37",
			"#text": "红嘴鸥"
		}, {
			"-name": "animalName38",
			"#text": "丹顶鹤"
		}, {
			"-name": "animalName39",
			"#text": "大红鹳"
		}, {
			"-name": "animalName40",
			"#text": "琵嘴鸭"
		}, {
			"-name": "animalName41",
			"#text": "金刚鹦鹉"
		}, {
			"-name": "animalName42",
			"#text": "北极海鹦"
		}, {
			"-name": "animalName43",
			"#text": "斑头鸺鹠 (通称: 猫头鹰)"
		}, {
			"-name": "animalName44",
			"#text": "乔科巨嘴鸟"
		}, {
			"-name": "animalName45",
			"#text": "蜂鸟"
		}, {
			"-name": "animalName46",
			"#text": "蓝孔雀"
		}, {
			"-name": "animalName47",
			"#text": "皱脸秃鹫"
		}, {
			"-name": "animalName48",
			"#text": "白头海雕"
		}, {
			"-name": "animalName49",
			"#text": "德国牧羊犬"
		}, {
			"-name": "animalName50",
			"#text": "大山猫"
		}, {
			"-name": "animalName51",
			"#text": "绵羊"
		}, {
			"-name": "animalName52",
			"#text": "乳牛"
		}, {
			"-name": "animalName53",
			"#text": "松鼠"
		}, {
			"-name": "animalName54",
			"#text": "浣熊"
		}, {
			"-name": "animalName55",
			"#text": "高角羚"
		}, {
			"-name": "animalName56",
			"#text": "马"
		}, {
			"-name": "animalName57",
			"#text": "骆驼"
		}, {
			"-name": "animalName58",
			"#text": "红大袋鼠"
		}, {
			"-name": "animalName59",
			"#text": "树熊"
		}, {
			"-name": "animalName60",
			"#text": "刺猬"
		}, {
			"-name": "animalName61",
			"#text": "山魈"
		}, {
			"-name": "animalName62",
			"#text": "斑马"
		}, {
			"-name": "animalName63",
			"#text": "印度犀牛"
		}, {
			"-name": "animalName64",
			"#text": "河马"
		}, {
			"-name": "animalName65",
			"#text": "大熊猫"
		}, {
			"-name": "animalName66",
			"#text": "印支虎"
		}, {
			"-name": "animalName67",
			"#text": "孟加拉白虎"
		}, {
			"-name": "animalName68",
			"#text": "狮子"
		}, {
			"-name": "animalName69",
			"#text": "豹"
		}, {
			"-name": "animalName70",
			"#text": "马来熊"
		}, {
			"-name": "animalName71",
			"#text": "亚洲象"
		}, {
			"-name": "animalName72",
			"#text": "大猩猩"
		}, {
			"-name": "animalDesc1",
			"#text": "别名\n无\n身长\n2008年4月，全球录得最大的金鱼长达48公分\n体重\n最大的金鱼可重达超过2磅\n分布\n最佳生活温度摄氏15至18℃\n有趣资料  \n金鱼是一种原产于中国的观赏鱼类，是野生鲗鱼演化而来的彩色变种。\n金鱼的心脏小，不能承受温度急剧变化过大。\n社会上流传着金鱼的记忆力只有数秒，科学实验显示这种说法无法证实\n"
		}, {
			"-name": "animalDesc2",
			"#text": "别名\n海葵鱼\n身长\n10-18公分\n体重\n约250克\n分布\n小丑鱼原生于印度洋和太平洋较温暖的水中，包括大堡礁和红海。小丑鱼生活在浅海的底部的浅舄湖或珊瑚礁的海葵中。\n有趣资料\n是一种热带海水鱼。已知有30物种\n小丑鱼与海葵有着密不可分的共生关系。带毒刺的海葵会保护小丑鱼，海葵则吃小丑鱼消化后的残渣。\n小丑鱼有先公后母的变性特质，一群小丑鱼中一般以体型最大者转变为母，然而最终成为母鱼后就无法变为公鱼\n迪士尼与彼思的动画电影《海底奇兵》的主角马伦和Mo仔就是小丑鱼\n"
		}, {
			"-name": "animalDesc3",
			"#text": "别名\n琵琶鱼、结巴鱼\n身长\n40-60公分\n体重\n300-800克\n分布\n生活在热带和亚热带浅海水域，主要分布大西洋、太平洋和印度洋海域\n有趣资料\n鮟鱇头部上方有个肉状突出，形似小灯笼能发光的。\n两只眼睛生在头顶上，一张血盆大口长得象身体一样宽，大嘴巴里长着两排坚硬的牙齿\n"
		}, {
			"-name": "animalDesc4",
			"#text": "别名\n《红楼梦》里贾宝玉在诗中把它叫 \"无肠公子\" 《西游记》中则把它叫 \"横行介士\"\n身长\n从最小的几毫米(豆蟹)，到最大(算上腿部展开)的4公尺(日本蜘蛛蟹)\n体重\n从数克(豆蟹)到20公斤(日本蜘蛛蟹)\n分布\n分布全球的海洋、湖泊和河流\n有趣资料\n螃蟹第一对足变成了一对往往很大的钳，它们的眼睛位于一对杆上，它们可以很快地向侧面运动。\n螃蟹是杂食性动物，主要靠吃海藻为生，但有时也会吃微生物、虫类等等。\n"
		}, {
			"-name": "animalDesc5",
			"#text": "别名\n无\n身长\n8-18公分\n体重\n从数克到500克以上\n分布\n全球性分布，中国海域、江河湖泊众多\n有趣资料\n虾大致分为海水虾和淡水虾两种，有近2000个品种\n多种虾可以养在观赏鱼缸内，这些虾不但有观赏价值，而且可以用来控制藻类的泛滥和清除鱼缸里的污物。\n"
		}, {
			"-name": "animalDesc6",
			"#text": "别名\n无\n身长\n20-40公分\n体重\n重约0.5公斤 ; 最重的能达到5公斤以上\n分布\n在温暖海域之中，比如加勒比海、地中海、南非，尤其在澳大利亚和亚洲附近的海域。\n有趣资料\n龙虾只在夜间活动，食物包括海螺、贝壳、螃蟹、海胆\n一般龙虾喜欢藏身在岩石和珊瑚丛里，有群聚的习性，有时在一个石洞里能发现十几只大龙虾。\n2014年8月，美国缅因州一名14岁女孩与父亲捕捉到了一只罕见蓝色龙虾，这只虾已经被送到当地海洋馆珍藏。\n"
		}, {
			"-name": "animalDesc7",
			"#text": "别名\n珠母珍珠蚌，俗称蛤蜊\n身长\n长可达180mm ，壳高70mm ，壳宽40mm\n体重\n约50-100克\n分布\n生活于河流及小溪中。主要分布在广西、浙江、湖南、安徽等省，在大连的部分河段中也有一定数量的分布。日本和前苏联地区也有分布并均育出淡水珍珠。\n有趣资料\n珍珠蚌是因为多产天然珍珠而得名\n珍珠蚌内的珍珠原本是一粒随波流浪的小小沙砾，进入了蚌及经历漫长的时间，一颗晶莹闪亮、光彩夺目的珍珠就在蚌内的诞生。\n全球最巨型的珍珠重达34公斤，阔1尺，长2.2尺，价值3500万美元。\n"
		}, {
			"-name": "animalDesc8",
			"#text": "别名\n台湾称蜊仔\n身长\n中国常见的蚬壳长约40毫米，高30毫米\n体重\n5-20克\n分布\n南极洲外各大洲水域\n有趣资料\n在香港，每逢夏天假日，都有不少人到海滩摸蚬，但这会祸及其他生物，破坏生态环境。\n"
		}, {
			"-name": "animalDesc9",
			"#text": "别名\n无\n身长\n20-30公分\n体重\n从最轻的8-10克 (桨叶海星)，到最重的5公斤 (向日葵海星)\n分布\n砂质海底、软泥海底、珊瑚礁及各种深度的海洋中\n有趣资料\n海星属于能迅速再生的动物之一。如果一只海星的一只触手被切断的话，过一段短时间，海星便能长回触手\n海星可作中药食材\n"
		}, {
			"-name": "animalDesc10",
			"#text": "别名\n乌贼\n身长\n从最小的1公分 (饺子乌贼)，到巨型的12-14公尺 (大王酸浆鱿)\n体重\n从最轻的5-10克 (饺子乌贼)，到最重的750公斤 (大王酸浆鱿)\n分布\n主要分布于热带和温带浅海\n有趣资料\n鱿鱼，虽然习惯上称它们为鱼，其实它并不是鱼，而是生活在海洋中的软体动物\n夜晚喜爱光，故渔民捕捉时，会用汽灯光引诱其浮上水面，再用网捞迅速将它们捕捉。\n"
		}, {
			"-name": "animalDesc11",
			"#text": "别名\n白鲊\n身长\n狮鬃水母(Cyanea capillata)是最大的水母品种，触手可长至36公尺长。 最小的水母品种长度不够2公分。\n体重\n有些品种的水母体重可超过200公斤\n分布\n全球性分布，由热带至极地的水域都有水母\n有趣资料\n水母比恐龙更早出现，它们已在地球上繁衍超过6.5亿年。\n水母寿命很短，平均只有数个月的生命。但有一种灯塔水母能够不老不死。\n钟型水母(Chironex fleckeri)是毒性最高的品种之一，能够在数分钟内夺去人类的性命。\n"
		}, {
			"-name": "animalDesc12",
			"#text": "别名\n鸡泡鱼\n身长\n25-35公分\n体重\n800克-7公斤\n分布\n北纬45度至南纬45度之间的海水、淡水等水域\n有趣资料\n当遇到外来危险时，整个身体呈球状浮上水面，同时皮肤上的小刺竖起，藉以自卫。\n鸡泡鱼多数有剧毒，毒留在皮，肝，生殖腺。要食乎它的肉，就一定要好小心处理。\n"
		}, {
			"-name": "animalDesc13",
			"#text": "别名\n白住房\n身长\n寄居蟹的最大螺体最大直径可达15公分以上\n体重\n从数克到4.1公斤 (椰子蟹)\n分布\n黄海及南方海域的海岸边\n有趣资料\n寄居蟹常寄居于壳中，以保护其柔软的腹部\n"
		}, {
			"-name": "animalDesc14",
			"#text": "别名\n蓑鮋\n身长\n25-40公分\n体重\n最重可达1.2公斤\n分布\n多产于温带靠海岸的岩礁或珊瑚礁内，分布于印度、西太平洋暖水海域\n有趣资料\n狮子鱼的鳍很大，但不善于游泳，往往躲在礁缝中，等猎物接近时便立刻捕捉。\n"
		}, {
			"-name": "animalDesc15",
			"#text": "别名\n海刺猬\n身长\n6-12公分\n体重\n从10多克到100克不等\n分布\n世界各地的海洋\n有趣资料\n天生胆小，只要一见敌人，就会逃跑，但是海胆不能很快的移动。\n"
		}, {
			"-name": "animalDesc16",
			"#text": "别名\n管海马、库达海马、大海马\n身长\n7-17公分\n体重\n从几克到1公斤\n分布\n在东南亚、澳洲、日本及其他太平洋岛屿的河口和近岸水域\n有趣资料\n黄海马不擅长游泳，原因是它们没有尾鳍，只能靠背鳍产生动力。不过，它们经常会用具抓握力的尾巴，抓着海草或其他物体。它们更能够改变身体的颜色和斑纹，形成保护色来避开猎食者。\n黄海马实行一夫一妻制，只有在配偶离世后才会寻找新伴侣。当雄性追求雌性或在培养感情时，它们会改变身体颜色，像牵手一样卷住对方的尾巴，然后缓缓起舞。在交配时，雌性会将卵子产在雄性的孵化囊里。\n"
		}, {
			"-name": "animalDesc17",
			"#text": "别名\n章鱼\n身长\n大型八爪鱼触手有5-10公尺左右\n体重\n大型八爪鱼体重能达到45公斤\n分布\n在世界各地的热带和温带海域皆有分布\n有趣资料\n八爪鱼有八条感觉灵敏的触腕，每条触腕上约有 300多 个吸盘，每个吸盘的拉力为 100克。\n八爪鱼力大无比、足智多谋、不少海洋动物都怕它。\n"
		}, {
			"-name": "animalDesc18",
			"#text": "别名\n无\n身长\n90-125公分\n体重\n超过100公斤以上\n分布\n热带及亚热带海域中\n有趣资料\n海龟在海洋的生态系统中，担当着重要角色。如果没有海龟吃掉海草，海草会长得很高，沉积物遮挡阳光，更散播病菌\n栖息在地中海的绿海龟已被《世界自然保护联盟红色名录列》为极度濒危品种。\n"
		}, {
			"-name": "animalDesc19",
			"#text": "别名\n毯魟、魔鬼鱼\n身长\n60公分-7公尺\n体重\n350公斤\n分布\n暖温带及热带沿大陆及岛屿海区\n有趣资料\n虽然被称为魔鬼鱼，但实际上是一种非常温和的动物。它们主要以浮游生物和小鱼为食粮\n魔鬼鱼的尾巴或有微弱电流但并没有毒，而在形态上有点类似的魟的尾巴就带有剧毒，注意区分以免误解。\n魔鬼鱼有时候会跃离水面，然后扑回水里。这可能有助清除寄生虫，亦可能是跟同类的沟通方式之一\n"
		}, {
			"-name": "animalDesc20",
			"#text": "别名\n无\n身长\n3.0-3.6公尺\n体重\n雄性可重达1,700公斤, 雌性可重达1,250公斤\n分布\n海象在北极及亚北极区生活，而这个亚种会于北太平洋和北冰洋之间的海域出现\n有趣资料\n海象的长牙是它们的犬齿，能生长至1米。它们将这双牙齿插入冰层以凿出呼吸洞，也可以此借力把庞大的身躯拉出水面，而雄性海象亦会用长牙保卫领土和配偶。\n为了在严寒中保暖，海象拥有一身厚厚的脂肪层以保存热能。它们也可收缩皮肤附近的血管，减低血流量，以免体温流失。\n"
		}, {
			"-name": "animalDesc21",
			"#text": "别名\n大齿斑海豹\n身长\n1.5-1.7公尺\n体重\n65-115公斤\n分布\n太平洋北部和北冰洋的近岸区域\n有趣资料\n斑海豹出生时长有一层白色蓬松的绒毛，并于二至四星期后蜕落，然后换上银灰色并带有深色斑点的皮毛\n它们在岸边或冰块上成群聚集，因此气味对它们之间的关系相当重要，尤其有助配偶及母子之间的沟通。\n商业捕鱼减少了斑海豹的食物供应，渔具也可能缠绕它们，造成伤害。\n"
		}, {
			"-name": "animalDesc22",
			"#text": "别名\n粉红海豚\n身长\n2.0-2.5公尺\n体重\n200-250公斤\n分布\n西太平洋、印度洋沿岸以至南非\n有趣资料\n虽然名为“白海豚”，然而刚出生的中华白海豚体呈深灰色，年青的会呈灰色，至于成年的则呈粉红色。\n在香港，中华白海豚聚居在香港西部水域沿岸，经常在北大屿山近青山水域、沙洲及龙鼓洲海岸公园、赤腊角，以及大澳一带水域出没。它们亦会在南大屿山的分流及大小鸦洲一带出没。\n"
		}, {
			"-name": "animalDesc23",
			"#text": "别名\n无\n身长\n身长小至18公分，大至18公尺\n体重\n世界曾出现重约21.5吨的鲸鲨\n分布\n所有海域 0-1300公尺的水中\n有趣资料\n是海洋中最凶猛的鱼类，天生擅于捕猎，其嗅觉、听觉和视觉非常敏锐，它们能在远处嗅到猎物，即使在漆黑的深海仍能看得清楚。\n只有很少品种曾经有袭击人类的纪录。虽然如此，鲨鱼仍然被人类视作危险勿近的动物。\n海中最大的鲨鱼是什么？　答案：鲸鲨　\n"
		}, {
			"-name": "animalDesc24",
			"#text": "别名\n无\n身长\n1-34公尺\n体重\n135公斤的侏儒抹香鲸到重达190吨的蓝鲸\n分布\n大多数在海洋，极少数在河流\n有趣资料\n鲸鱼个名有个鱼字，但它们是哺乳类动物，不是鱼\n大部份的鲸鱼都是濒危品种，有绝种的可能\n蓝鲸是地球上最大的生物\n"
		}, {
			"-name": "animalDesc25",
			"#text": "学名\nPasser montanus\n科\n麻雀科\n分布\n欧亚大陆，欧洲、中东、东南亚、东亚、中国\n有趣资料\n麻雀以群栖性为主，属杂食性鸟类，主要以植物性食物和昆虫为食，繁殖季大量捕食昆虫育雏。树麻雀在香港市区十分常见，能够适应与人类生活。\n图: 树麻雀 摄影师: 陈佳玮/香港观鸟会\n"
		}, {
			"-name": "animalDesc26",
			"#text": "别名\n灯烃、青娘子 (中药名称)\n身长\n5-15公分， 翼展 10-18公分\n体重\n5-10克\n分布\n除南极洲之外的每个大陆上都有发现\n有趣资料\n蜻蜓为肉食性的昆虫，主要捕食蚊、蝇、蝴蝶，甚至其他品种的蜻蜓。\n成年蜻蜓复眼有近24,000个小眼组成。\n"
		}, {
			"-name": "animalDesc27",
			"#text": "别名\n无\n身长\n蜂后(2-2.5公分)、雄蜂(1.5-2公分)、工蜂(1-1.5公分)\n体重\n>3克\n分布\n除南极洲以外的每个大陆\n有趣资料\n蜂群中有一只蜂后（有些例外情形有两只蜂后），1万到15万工蜂，500到1500只雄蜂。\n蜂后的寿命可长达几年，而雄蜂只能活几个月，工蜂就只有45天左右。\n蜂后和雄蜂都没有蛰针所以没攻击能力，而被蜜蜂蛰伤的都是工蜂所为。\n"
		}, {
			"-name": "animalDesc28",
			"#text": "别名\n金龟子\n身长\n甲虫的大小差别很大，小的只有0.25公分；最大的可有 20公分\n体重\n>100克\n分布\n除了海洋以外，世界各地无论是高山、平原、河川、沼泽、土壤里都有它们的踪迹\n有趣资料\n甲虫和其它的昆虫一样，身体分头、胸、腹三部，有六只脚\n甲虫的颜色花样多变化\n"
		}, {
			"-name": "animalDesc29",
			"#text": "别名\n无\n身长\n(最大) 展翅宽达280毫米 (亚历山大鸟翼凤蝶)；(最小) 只有16毫米 (褐小灰蝶)\n体重\n1-5克\n分布\n除南极洲以外的每个大陆\n有趣资料\n蝴蝶是完全变态的昆虫，它们的一生有卵、幼虫、蛹和成虫四个阶段。\n成虫的蝴蝶寿命可从一周到近一年，取决于物种。\n"
		}, {
			"-name": "animalDesc30",
			"#text": "学名\nCorvus macrorhynchos\n科\n鸦科\n分布\n亚洲东部地区\n有趣资料\n科学家分析了来自全球的2000份鸟类行为观查报告，排出了一个鸟类智商的排名，结果位居首位的正是鸦科。香港留乌大嘴乌鸦会发出典型响亮而悠长的“鸦—鸦—鸦—”叫声，因此很容易就能把它与其他鸟种分辨出来。\n图: 大嘴乌鸦 摄影师: Chung Yun Tak/香港观鸟会\n"
		}, {
			"-name": "animalDesc31",
			"#text": "学名\nAcridotheres cristatellus\n科\n椋鸟科\n分布\n印度北部至中国东部\n有趣资料\n椋鸟是一种中型的鸟类。它们是受欢迎的宠物鸟。\n\n资料提供: 香港观鸟会\n"
		}, {
			"-name": "animalDesc32",
			"#text": "别名\n蝠鼠、飞鼠\n身长\n\"(最小) 2.9-3.4公分，翼展: 15公分 (凹脸蝠)；(最大) 6-18公分，1.7公尺 翼展 (鬃毛利齿狐蝠)\n\"\n体重\n(最轻) 2-2.6克 (凹脸蝠)；(最重) 1.6公斤 (鬃毛利齿狐蝠)\n分布\n除极地和大洋中的一些岛屿外，分布遍于全世界\n有趣资料\n大蝙蝠亚目的蝙蝠视力好，眼睛大，主要依靠视觉来辨别物体；小蝙蝠亚目的成员通常视力退化，眼睛小，主要依靠回声来辨别物体。\n约有70%的蝙蝠捕食昆虫，它们通常发出超声波探索猎物，多在空中捕食。\n"
		}, {
			"-name": "animalDesc33",
			"#text": "学名\nColumba livia\n科\n鸠鸽科\n分布\n原生种分布于印度次大陆的部分地区、古北界南部，引种至世界各地，如今许多城镇都有野化的鸽群。\n有趣资料\n鸠鸽的食物主要是植物，包括各种植物的果实和种子，如玉米等。鸠鸽在古时被驯化用为人类传递信息。现时常见的野鸽均为原鸽的后代。\n图: 原鸽 摄影师: 叶大维/香港观鸟会\n"
		}, {
			"-name": "animalDesc34",
			"#text": "学名\nHirundo rustica\n科\n燕科\n分布\n遍布北半球\n有趣资料\n燕子以群栖性为主并以昆虫为主食。它们多在电线上排排站。夏天到来时，一些旧区如深水埗亦不难发现家燕的鸟巢。\n\n图: 家燕 摄影师: Pippen Ho/香港观鸟会\n"
		}, {
			"-name": "animalDesc35",
			"#text": "学名\nPelecanus crispus\n科\n鹈鹕科\n分布\n除南极以外所有大陆的大型水鸟\n有趣资料\n鹈鹕属大型的鸟类，鸟喙很长，喙下的喉囊是辨认它们的一大特征。鹈鹕会利用喉囊把鱼兜上来。电影《海底奇兵》内勇救Mo仔的祖哥其实是一只褐鹈鹕。\n\n图: 卷羽鹈鹕 摄影师: Pippen Ho/香港观鸟会\n"
		}, {
			"-name": "animalDesc36",
			"#text": "学名\nBlythipicus pyrrhotis\n科\n啄木鸟科\n分布\n喜马拉亚山至中国南部、印度\n有趣资料\n啄木鸟有着强直尖锐的喙，可用以凿开树皮；有长和带有黏性的舌头用以钩食树木内的昆虫。\n\n图: 黄嘴栗啄木鸟 摄影师: 陈士飞/香港观鸟会\n"
		}, {
			"-name": "animalDesc37",
			"#text": "学名\nChroicocephalus ridibundus\n科\n鸥科\n分布\n主要在分布在亚洲、欧洲、澳洲、阿拉斯加及北美洲西部，冬季则会迁徙到南方\n有趣资料\n鸥是机会主义者，它们的食性非常广泛，如鱼类和昆虫它们亦会进食。\n图: 红嘴鸥 摄影师: 叶大维/香港观鸟会\n"
		}, {
			"-name": "animalDesc38",
			"#text": "学名\nGrus japonensis\n科\n鹤科\n分布\n中国黑龙江、俄罗斯和日本等地\n有趣资料\n鹤在鸟类中体型较大，其次级飞羽和三级飞羽形长弯曲成弓状覆于整个尾羽上。其中丹顶鹤具有吉祥、忠贞、长寿的寓意。同时它们美丽的羽毛亦成为擸人的目标。\n\n图: 丹顶鹤 摄影师: Owen Chiang/香港观鸟会\n"
		}, {
			"-name": "animalDesc39",
			"#text": "学名\nPhoenicopterus roseus\n科\n红鹤科\n分布\n印度、非洲和中南美洲\n有趣资料\n大红鹳是群居性的，年轻的大红鹳出身时的羽毛是灰色和白色的，两年后会变成粉红色。大红鹳粉红色的羽毛是来自其摄食的浮游生物所含的甲壳素所致。大红鹳是杂食性的，它们会进食小鱼和浮游植物。\n\n图: 大红鹳 摄影师: Jessica Wong/香港观鸟会\n"
		}, {
			"-name": "animalDesc40",
			"#text": "学名\nAnas clypeata\n科\n鸭科\n分布\n除南极洲以外的每个大陆\n有趣资料\n鸭子是鸭科的大量物种的常见名称，但当中亦包括鹅和天鹅。其中琵嘴鸭较常在浅水区域出没和觅食。\n\n图: 琵嘴鸭 摄影师: Jessica Wong/香港观鸟会\n"
		}, {
			"-name": "animalDesc41",
			"#text": "学名\nAra spp.\n别名\n鹦鹉科\n分布\n中美洲和北美洲 (只有墨西哥)，南美洲和以前的加勒比\n有趣资料\n它们拥有对趾足(两趾向前，两趾向后)可利用爪子爪紧树枝，检查东西和抓着食物吃。金刚鹦鹉颜色鲜艳的羽毛帮助它们在具有充足水果且繁花盛开的热带雨林中生活。\n\n资料提供: 香港观鸟会\n"
		}, {
			"-name": "animalDesc42",
			"#text": "学名\nFratercula arctica\n科\n海雀科\n分布\n北太平洋、北大西洋、冰岛\n有趣资料\n海鹦的喙在春季时的颜色会变得鲜艳以吸引异性；过后喙会变得细小及沉色。海鹦是肉食性的并以鱼类为主食。\n\n图: 北极海鹦 摄影师: Woo Ming Chuan/香港观鸟会\n"
		}, {
			"-name": "animalDesc43",
			"#text": "学名\nGlaucidium cuculoides\n科\n鸱鸮科\n分布\n除南极洲以外所有的大洲都有分布\n有趣资料\n鸱鸮科的鸟类为夜行性，它们飞行时不会发出声音，因此科学家亦以它们为研究对象去发展静音飞机技术。另外，它们的眼睛为圆柱状(而非球状)，所以眼睛并不能向不同方向转动，要望不同方向时，需转动整个头部。它们的颈部可旋转270度而上下则为90度。\n\n图: 斑头鸺鹠 摄影师: Andy Kwok/香港观鸟会\n"
		}, {
			"-name": "animalDesc44",
			"#text": "学名\nRamphastos brevis\n科\n鵎鵼科\n分布\n南墨西哥，中美洲，南美洲的北部和加勒比地区\n有趣资料\n它们的喙是很巨大的，但其实是空心和非常轻的。它们的脚趾都是两趾在前两趾在后。\n\n图: 乔科巨嘴鸟 摄影师: Chung Yun Tak/香港观鸟会\n"
		}, {
			"-name": "animalDesc45",
			"#text": "学名\nApodiformes\n科\n蜂鸟科\n分布\n仅分布于美洲\n有趣资料\n它们能够以快速拍打翅膀（每秒15次到80次，取决于鸟的大小）的方式而悬停在空中，也是唯一可以向后飞的鸟\n"
		}, {
			"-name": "animalDesc46",
			"#text": "学名\nPavo cristatus\n科\n雉科\n分布\n原产于印度和斯里兰卡\n有趣资料\n孔雀是杂食性的，会进食植物和动物如年幼的眼镜蛇和两栖类。孔雀有明显的雌雄两性的不同特征，其中一个特征为雄鸟有会开屏的尾上覆羽，雌鸟没有。\n\n图: 蓝孔雀 摄影师: 文权溢/香港观鸟会\n"
		}, {
			"-name": "animalDesc47",
			"#text": "学名\nTorgos tracheliotos\n科\n鹰科\n分布\n欧、亚、非及美洲\n有趣资料\n秃鹫最显著的特征是头部没有羽毛且颈后羽毛稀少或者没有羽毛。它们是大自然的清道夫以腐尸为食。\n\n图: 皱脸秃鹫 摄影师: Helen Fong/香港观鸟会\n"
		}, {
			"-name": "animalDesc48",
			"#text": "学名\nHaliaeetus leucocephalus\n别名\n白头海雕、美国国鹰\n分布\n北美洲的大部分版图及北墨西哥\n有趣资料\n白头海雕是美国的国鸟，传闻是因其长寿，具力量而且有令人震慑的外型因此被选为代表美国的动物。\n\n资料提供: 香港观鸟会\n"
		}, {
			"-name": "animalDesc49",
			"#text": "别名\n德国狼犬\n身长\n雄性身高约60-65公分 ; 雌性身高约55-60公分\n体重\n雄性体重约33-38公斤 ; 雌性体重约26-31公斤\n分布\n原产地于德国\n有趣资料\n德国牧羊犬很聪明，在所有犬类的智商排名中排行第三。\n他们敏捷且适合动作式的工作环境，它们经常被部署各种任务，例如员警、护卫、搜索及拯援和军事\n德国牧羊犬也可以是家庭内忠心和亲昵的宠物，它们喜欢接近人（包括小孩）和其他动物。\n"
		}, {
			"-name": "animalDesc50",
			"#text": "别名\n猞猁\n身长\n体长80-130公分，尾长16 -23公分\n体重\n15-30公斤左右\n分布\n属于北温带寒冷地区的动物，栖居在寒冷的高山地带\n有趣资料\n外形似猫，但比猫大得多，主要食物是雪兔等各种野兔。\n"
		}, {
			"-name": "animalDesc51",
			"#text": "学名\nOvis aries\n别名\n家羊/ 白羊\n身长\n70公分\n体重\n45-160公斤 (雄性) 45-100公斤 (雌性)\n分布\n原产于欧洲及亚洲中部和西南部地区\n有趣资料\n绵羊是世界上数量最多的羊种，共计超过十亿\n绵羊很温顺，具有爱清洁的习性。羊喜吃干净的饲料，饮清凉卫生的水。\n"
		}, {
			"-name": "animalDesc52",
			"#text": "别名\n奶牛\n身长\n160-200公分\n体重\n500-800公斤\n分布\n遍布除了南极洲以外的每一块大陆。\n有趣资料\n一头乳牛每年可以产至1.8万升奶\n一头牛的自然寿命约是20年，但反覆地产小牛和产奶的乳牛的寿命只有六至七年。\n"
		}, {
			"-name": "animalDesc53",
			"#text": "学名\nSciuridae\n别名\n无\n身长\n小至7-10公分，大至53–73公分\n体重\n小的约10克，大的5-8公斤\n分布\n除了大洋洲和南极洲外，全世界都有分布。\n有趣资料\n松鼠一般体形细小，特征是长着毛茸茸的长尾巴\n松鼠一般以草食性为主，食物主要是种子和果仁，也会吃鸟蛋、水果如樱桃等\n初生松鼠看不见东西，生下将近30天时才睁开眼睛。\n"
		}, {
			"-name": "animalDesc54",
			"#text": "学名\nProcyon lotor\n别名\n北美浣熊\n身长\n体长40-65公分，尾长25-35公分\n体重\n5.5-9.5公斤\n分布\n主要分布在加拿大、美国、墨西哥等北美地区\n有趣资料\n浣熊眼圈黑色，酷似戴了“墨镜”，眉、鼻、嘴的周围白色，典型的“强盗妆”。\n经常可以看到浣熊摸索到食物后，先去水里洗去泥土、污垢再吃，就像人们在河边浣洗蔬菜、水果一样，所以才叫它“浣熊”。\n"
		}, {
			"-name": "animalDesc55",
			"#text": "学名\nAepyceros melampus\n别名\n黑斑羚、飞羚\n身长\n肩高70-92cm公分，角可长达45-92公分\n体重\n约40-76公斤\n分布\n非洲东部到南部\n有趣资料\n高角羚的特征是长有空心而结实的角，有区别于牛、羊。\n高角羚可以跳高达3米\n"
		}, {
			"-name": "animalDesc56",
			"#text": "学名\nEquus ferus caballus\n别名\n无\n身长\n重型品种体高200公分，所谓袖珍则高60公分\n体重\n重型品种体重达1200公斤\n分布\n广泛分布于世界各地，原产于中亚草原\n有趣资料\n马的胆子很小，随时保持警戒状态。马很容易被突然的声音(像鞭炮)吓到，很怕飘忽不定的东西，如汽球\n"
		}, {
			"-name": "animalDesc57",
			"#text": "学名\nCamelus\n别名\n沙漠之舟\n身长\n成年骆驼一般到肩膀身高1.85公尺，到驼峰身高可达2.15公尺。\n体重\n300-1000公斤\n分布\n亚洲、印度、非洲等\n有趣资料\n骆驼和其他动物不一样，特别耐饥耐渴，人们能骑着骆驼横穿沙漠，有着“沙漠之舟”的美称。\n骆驼能够连续四五天不进食，就是靠驼峰里的脂肪。另外，骆驼的胃里有许多瓶子形状的小泡泡，那是骆驼贮存水的地方。\n"
		}, {
			"-name": "animalDesc58",
			"#text": "学名\nMacropus rufus\n别名\n红袋鼠、赤大袋鼠或大赤袋鼠\n身长\n出生时大约只有1粒花生米般大，成年袋鼠的身高大约为1.6公尺\n体重\n成年袋鼠的体重可以达到50公斤。\n分布\n原产于澳大利亚大陆\n有趣资料\n袋鼠用下肢跳动，奔跑速度非常快，时速可达50公里以上\n袋鼠有一条“多功能”的尾巴，其作用非常大，在休息时它可以支撑于地，与双下肢共同起到平衡身体的作用，跑动中尾巴更是重要的平衡工具，另外袋鼠尾巴还是重要的进攻与防卫的武器。\n"
		}, {
			"-name": "animalDesc59",
			"#text": "学名\nPhascolarctos cinereus victor\n别名\n树袋熊、无尾熊、考拉\n身长\n身长可达82公分\n体重\n体重可达13.5公斤\n分布\n澳洲南部的尤加利树林，包括新南威尔斯的南部、维多利亚和南澳州三个州份。\n有趣资料\n虽然被称为“树熊”，但树熊并非熊，它们属有袋类动物，会以育儿袋承载着发育尚未健全的幼儿。小树熊出生后会尽快爬入袋中，在里面逗留约半年。\n“Koala”是澳洲原住民的方言，意指 “不喝水”，因为它们从尤加利树叶中得到了身体所需90%的水分。\n它们属夜行动物，身体新陈代谢较慢，每日需睡眠17-20小时。\n"
		}, {
			"-name": "animalDesc60",
			"#text": "学名\nErinaceinae\n别名\n中国民间做它做偷瓜獾\n身长\n180-240公分\n体重\n255-540克\n分布\n广泛分布在欧洲、亚洲北部，在中国的北方和长江流域也分布很广\n有趣资料\n刺猬在夜间活动，以昆虫和蠕虫为主要食物，一晚上能吃掉200克的虫子。\n遇敌害时能将身体卷曲成球状，将刺朝外，保护自己\n"
		}, {
			"-name": "animalDesc61",
			"#text": "别名\n无\n身长\n55-100公分\n体重\n12.4公斤 (雌性) 32.3公斤 (雄性)\n分布\n喀麦隆南部、加彭、赤道几内亚和刚果的热带雨林中\n有趣资料\n山魈过去曾被归入狒狒属, 故常被误会是狒狒, 实际上山魈是世界上最大的猴。\n体毛为橄榄色, 雄性面部的色彩较丰富。\n电影《狮子王Lion King》中的巫师 “拉飞奇” 是山魈还是狒狒? 答案: 雄山魈\n"
		}, {
			"-name": "animalDesc62",
			"#text": "别名\n无\n身长\n成年斑马一般约2.3公尺高，肩高约1.5公尺\n体重\n体重为300到400公斤，最重的超过410公斤\n分布\n斑马为非洲特产\n有趣资料\n斑马身上有许多的条纹，每只的条纹都不一样，是同类之间相互识别的主要标记之一，更重要的更是保护色\n"
		}, {
			"-name": "animalDesc63",
			"#text": "别名\n无\n身长\n3.68-3.8公尺 (雄性)  3.1-3.4公尺(雌性)\n体重\n2200公斤 (雄性) 1600公斤 (雌性)\n分布\n尼泊尔和印度的阿萨姆邦\n有趣资料\n鼻上只有一只角，是世上体型最大的大单角犀牛。\n奔跑时速可达55公里/小时，并且游泳技能优秀，听觉和嗅觉都极佳，而视力相对较差。\n求偶时则会利用下颚几颗3.5英吋的獠牙互咬，觅食时它们一次能吃下50磅的植物。\n"
		}, {
			"-name": "animalDesc64",
			"#text": "别名\n无\n身长\n3-5公尺\n体重\n1500公斤 (平均)\n分布\n非洲中南部\n有趣资料\n河马外型可爱，但事实上攻击性甚强，是非洲最危险的动物之一，也是陆上体型第三大动物。\n皮层厚达15公分，提供了极佳防护，四根獠牙长50厘米，颚可撑开将近180度，咬力可达2500磅，一次可吃下100磅的植物。\n即使是陆地上第三大的动物，其短距离奔跑速度却能达到时速30公里。\n"
		}, {
			"-name": "animalDesc65",
			"#text": "别名\n熊猫、猫熊、竹熊\n身长\n120-180公分\n体重\n100公斤\n分布\n中国独有物种，现只分布于四川、陕西和甘肃三个省份的竹林\n有趣资料\n刚出生的大熊猫宝宝只有100克重。当它们长大后，体重可达100公斤，比刚出生时增加1,000倍！\n大熊猫每日需要摄取4,300至5,500千卡路里热量的食物，相当于人类进食20碗饭或20个汉堡包，食量惊人。\n"
		}, {
			"-name": "animalDesc66",
			"#text": "别名\n为了纪念英国自然学家Jim Corbett ，故印支虎又被称作科比特之虎。\n身长\n255-285公分 (雄性) 230-255公分 (雌性)\n体重\n150-195公斤 (雄性) 100-130公斤 (雌性)\n分布\n缅甸、泰国、老挝共和国、越南、柬埔寨及中国\n有趣资料\n捕猎鹿、野猪、猴子、野牛等为食，偶尔捕猎豹子和熊。当食物短缺时，它也吃鱼和乌龟。\n"
		}, {
			"-name": "animalDesc67",
			"#text": "别名\n白老虎\n身长\n2.7-3.1公尺 (雄性) 2.4-2.65公尺 (雌性)\n体重\n180-258公斤 (雄性) 100-160公斤 (雌性)\n分布\n在世界各地受到人类圈养\n有趣资料\n第一只野生孟加拉白虎于1951年在印度被发现并捕获，被取名为“莫罕”，意即“令人迷惑者”。\n孟加拉白虎经常被误解成患上白化症，其实不然，之所以有白底的毛发是由于基因突变。\n它们因为太显眼，在野外很难生存，所以现存的多为受到人类圈养。\n"
		}, {
			"-name": "animalDesc68",
			"#text": "别名\n万兽之王\n身长\n170-250公分 (雄性) 140-175公分 (雌性)\n体重\n150-250公斤 (雄性) 120-185公斤 (雌性)\n分布\n非洲撒哈拉沙漠以南的草原\n有趣资料\n现存中是继老虎之后第二大的猫科动物\n中国本来没有狮子，最早进入中国的狮子，是产自南亚和西亚的亚洲狮，而不是非洲狮，是东汉时期月氏国送给汉朝政府的礼物。\n"
		}, {
			"-name": "animalDesc69",
			"#text": "别名\n金钱豹或花豹\n身长\n90-190公分\n体重\n37-90公斤 (雄性) 28-60公斤 (雌性)\n分布\n非洲南部到中亚，东亚，北到中国东北再到东南亚等都有它们的身影\n有趣资料\n奔跑时速可达58公里/小时，既会游泳，又会爬树。\n花豹有时会有黑化现象，即为黑豹，皮肤及毛发上出现大量黑色素，但还是可隐约见到斑点。\n"
		}, {
			"-name": "animalDesc70",
			"#text": "别名\n无\n身长\n120-155公分\n体重\n27-80公斤\n分布\n断续分布于孟加拉至中国云南，以及马来西亚南部等东南亚地区\n有趣资料\n熊科动物中体型最小的成员。\n马来熊舌头很长 (20-25公分)，便于吞食昆虫和蜂蜜。\n"
		}, {
			"-name": "animalDesc71",
			"#text": "别名\n无\n身高\n2.75公尺 (雄性) 2.4公尺 (雌性)\n身长\n5.5-6.5公尺\n体重\n180-258公斤 (雄性) 100-160公斤 (雌性)\n分布\n个别种群众居于13个亚洲国家，包括印度、缅甸及印尼\n有趣资料\n象鼻端有一个呈手指状的突出物，由于此突出物有大量的神经细胞，因此使象鼻像人类的手指一样灵活。\n象鼻含多达60,000个肌肉，包括纵向和辐射组。\n雄性的亚洲象长有象牙，而雌象即使有象牙亦不是太突出。\n"
		}, {
			"-name": "animalDesc72",
			"#text": "别名\n无\n身长\n170-180公分\n体重\n135-180公斤\n分布\n刚果低地的热带雨林，以及位于刚果，乌干达和卢旺达交界的维龙加山脉和布恩迪山脉中。\n有趣资料\n大猩猩百分之92至98的脱氧核糖核酸(DNA)排列与人一样，因此它是继黑猩猩属的两个种后与人类最接近的现存的动物。\n大猩猩的臂幅比它的身长长得多，可达2.3-2.6公尺。\n大猩猩和人一样有各不相同的指纹。\n"
		}]
	}
}