{
	"resources": {
		"string": [{
			"-name": "animalName1",
			"#text": "金魚"
		}, {
			"-name": "animalName2",
			"#text": "小丑魚"
		}, {
			"-name": "animalName3",
			"#text": "鮟鱇魚"
		}, {
			"-name": "animalName4",
			"#text": "螃蟹"
		}, {
			"-name": "animalName5",
			"#text": "蝦"
		}, {
			"-name": "animalName6",
			"#text": "龍蝦"
		}, {
			"-name": "animalName7",
			"#text": "珍珠蚌"
		}, {
			"-name": "animalName8",
			"#text": "蜆"
		}, {
			"-name": "animalName9",
			"#text": "海星"
		}, {
			"-name": "animalName10",
			"#text": "魷魚"
		}, {
			"-name": "animalName11",
			"#text": "水母"
		}, {
			"-name": "animalName12",
			"#text": "河豚"
		}, {
			"-name": "animalName13",
			"#text": "寄居蟹"
		}, {
			"-name": "animalName14",
			"#text": "獅子魚"
		}, {
			"-name": "animalName15",
			"#text": "海膽"
		}, {
			"-name": "animalName16",
			"#text": "黃海馬"
		}, {
			"-name": "animalName17",
			"#text": "八爪魚"
		}, {
			"-name": "animalName18",
			"#text": "綠海龜"
		}, {
			"-name": "animalName19",
			"#text": "魔鬼魚"
		}, {
			"-name": "animalName20",
			"#text": "太平洋海象"
		}, {
			"-name": "animalName21",
			"#text": "斑海豹"
		}, {
			"-name": "animalName22",
			"#text": "中華白海豚"
		}, {
			"-name": "animalName23",
			"#text": "鯊魚"
		}, {
			"-name": "animalName24",
			"#text": "鯨魚"
		}, {
			"-name": "animalName25",
			"#text": "樹麻雀"
		}, {
			"-name": "animalName26",
			"#text": "蜻蜓"
		}, {
			"-name": "animalName27",
			"#text": "蜜蜂"
		}, {
			"-name": "animalName28",
			"#text": "甲蟲"
		}, {
			"-name": "animalName29",
			"#text": "蝴蝶"
		}, {
			"-name": "animalName30",
			"#text": "大嘴烏鴉"
		}, {
			"-name": "animalName31",
			"#text": "八哥 (通稱:了哥)"
		}, {
			"-name": "animalName32",
			"#text": "蝙蝠"
		}, {
			"-name": "animalName33",
			"#text": "原鴿"
		}, {
			"-name": "animalName34",
			"#text": "家燕"
		}, {
			"-name": "animalName35",
			"#text": "卷羽鵜鶘"
		}, {
			"-name": "animalName36",
			"#text": "黃嘴栗啄木鳥"
		}, {
			"-name": "animalName37",
			"#text": "紅嘴鷗"
		}, {
			"-name": "animalName38",
			"#text": "丹頂鶴"
		}, {
			"-name": "animalName39",
			"#text": "大紅鸛"
		}, {
			"-name": "animalName40",
			"#text": "琵嘴鴨"
		}, {
			"-name": "animalName41",
			"#text": "金剛鸚鵡"
		}, {
			"-name": "animalName42",
			"#text": "北極海鸚"
		}, {
			"-name": "animalName43",
			"#text": "斑頭鵂鶹 (通稱: 貓頭鷹)"
		}, {
			"-name": "animalName44",
			"#text": "喬科巨嘴鳥"
		}, {
			"-name": "animalName45",
			"#text": "蜂鳥"
		}, {
			"-name": "animalName46",
			"#text": "藍孔雀"
		}, {
			"-name": "animalName47",
			"#text": "皺臉禿鷲"
		}, {
			"-name": "animalName48",
			"#text": "白頭海鵰"
		}, {
			"-name": "animalName49",
			"#text": "德國牧羊犬"
		}, {
			"-name": "animalName50",
			"#text": "大山貓"
		}, {
			"-name": "animalName51",
			"#text": "綿羊"
		}, {
			"-name": "animalName52",
			"#text": "乳牛"
		}, {
			"-name": "animalName53",
			"#text": "松鼠"
		}, {
			"-name": "animalName54",
			"#text": "浣熊"
		}, {
			"-name": "animalName55",
			"#text": "高角羚"
		}, {
			"-name": "animalName56",
			"#text": "馬"
		}, {
			"-name": "animalName57",
			"#text": "駱駝"
		}, {
			"-name": "animalName58",
			"#text": "紅大袋鼠"
		}, {
			"-name": "animalName59",
			"#text": "樹熊"
		}, {
			"-name": "animalName60",
			"#text": "刺蝟"
		}, {
			"-name": "animalName61",
			"#text": "山魈"
		}, {
			"-name": "animalName62",
			"#text": "斑馬"
		}, {
			"-name": "animalName63",
			"#text": "印度犀牛"
		}, {
			"-name": "animalName64",
			"#text": "河馬"
		}, {
			"-name": "animalName65",
			"#text": "大熊貓"
		}, {
			"-name": "animalName66",
			"#text": "印支虎"
		}, {
			"-name": "animalName67",
			"#text": "孟加拉白虎"
		}, {
			"-name": "animalName68",
			"#text": "獅子"
		}, {
			"-name": "animalName69",
			"#text": "豹"
		}, {
			"-name": "animalName70",
			"#text": "馬來熊"
		}, {
			"-name": "animalName71",
			"#text": "亞洲象"
		}, {
			"-name": "animalName72",
			"#text": "大猩猩"
		}, {
			"-name": "animalDesc1",
			"#text": "別名\n無\n身長\n2008年4月，全球錄得最大的金魚長達48公分\n體重\n最大的金魚可重達超過2磅\n分佈\n最佳生活溫度攝氏15至18℃\n有趣資料  \n金魚是一種原產於中國的觀賞魚類，是野生鯽魚演化而來的彩色變種。\n金魚的心臟小，不能承受溫度急劇變化過大。\n社會上流傳著金魚的記憶力只有數秒，科學實驗顯示這種說法無法證實\n"
		}, {
			"-name": "animalDesc2",
			"#text": "別名\n海葵魚\n身長\n10-18公分\n體重\n約250克\n分佈\n小丑魚原生於印度洋和太平洋較溫暖的水中，包括大堡礁和紅海。小丑魚生活在淺海的底部的淺舄湖或珊瑚礁的海葵中。\n有趣資料\n是一種熱帶海水魚。已知有30物種\n小丑魚與海葵有著密不可分的共生關係。帶毒刺的海葵會保護小丑魚，海葵則吃小丑魚消化後的殘渣。\n小丑魚有先公後母的變性特質，一群小丑魚中一般以體型最大者轉變為母，然而最終成為母魚後就無法變為公魚\n迪士尼與彼思的動畫電影《海底奇兵》的主角馬倫和Mo仔就是小丑魚\n"
		}, {
			"-name": "animalDesc3",
			"#text": "別名\n琵琶魚、結巴魚\n身長\n40-60公分\n體重\n300-800克\n分佈\n生活在熱帶和亞熱帶淺海水域，主要分佈大西洋、太平洋和印度洋海域\n有趣資料\n鮟鱇頭部上方有個肉狀突出，形似小燈籠能發光的。\n兩隻眼睛生在頭頂上，一張血盆大口長得象身體一樣寬，大嘴巴裡長著兩排堅硬的牙齒\n"
		}, {
			"-name": "animalDesc4",
			"#text": "別名\n《紅樓夢》裏賈寶玉在詩中把它叫 \"無腸公子\" 《西遊記》中則把它叫 \"橫行介士\"\n身長\n從最小的幾毫米(豆蟹)，到最大(算上腿部展開)的4公尺(日本蜘蛛蟹)\n體重\n從數克(豆蟹)到20公斤(日本蜘蛛蟹)\n分佈\n分布全球的海洋、湖泊和河流\n有趣資料\n螃蟹第一對足變成了一對往往很大的鉗，它們的眼睛位於一對杆上，牠們可以很快地向側面運動。\n螃蟹是雜食性動物，主要靠吃海藻為生，但有時也會吃微生物、蟲類等等。\n"
		}, {
			"-name": "animalDesc5",
			"#text": "別名\n無\n身長\n8-18公分\n體重\n從數克到500克以上\n分佈\n全球性分佈，中國海域、江河湖泊眾多\n有趣資料\n蝦大致分為海水蝦和淡水蝦兩種，有近2000個品種\n多種蝦可以養在觀賞魚缸內，這些蝦不但有觀賞價值，而且可以用來控制藻類的泛濫和清除魚缸裡的汙物。\n"
		}, {
			"-name": "animalDesc6",
			"#text": "別名\n無\n身長\n20-40公分\n體重\n重約0.5公斤 ; 最重的能達到5公斤以上\n分佈\n在溫暖海域之中，比如加勒比海、地中海、南非，尤其在澳大利亞和亞洲附近的海域。\n有趣資料\n龍蝦只在夜間活動，食物包括海螺、貝殼、螃蟹、海膽\n一般龍蝦喜歡藏身在岩石和珊瑚叢裡，有群聚的習性，有時在一個石洞裡能發現十幾隻大龍蝦。\n2014年8月，美國緬因州一名14歲女孩與父親捕捉到了一隻罕見藍色龍蝦，這只蝦已經被送到當地海洋館珍藏。\n"
		}, {
			"-name": "animalDesc7",
			"#text": "別名\n珠母珍珠蚌，俗稱蛤蜊\n身長\n長可達180mm ，殼高70mm ，殼寬40mm\n體重\n約50-100克\n分佈\n生活于河流及小溪中。主要分佈在廣西、浙江、湖南、安徽等省，在大連的部分河段中也有一定數量的分佈。日本和前蘇聯地區也有分佈並均育出淡水珍珠。\n有趣資料\n珍珠蚌是因為多產天然珍珠而得名\n珍珠蚌內的珍珠原本是一粒隨波流浪的小小沙礫，進入了蚌及經歷漫長的時間，一顆晶瑩閃亮、光彩奪目的珍珠就在蚌內的誕生。\n全球最巨型的珍珠重達34公斤，闊1呎，長2.2呎，價值3500萬美元。\n"
		}, {
			"-name": "animalDesc8",
			"#text": "別名\n台灣稱蜊仔\n身長\n中國常見的蜆殼長約40毫米，高30毫米\n體重\n5-20克\n分佈\n南極洲外各大洲水域\n有趣資料\n在香港，每逢夏天假日，都有不少人到海灘摸蜆﹐但這會禍及其他生物，破壞生態環境。\n"
		}, {
			"-name": "animalDesc9",
			"#text": "別名\n無\n身長\n20-30公分\n體重\n從最輕的8-10克 (槳葉海星)，到最重的5公斤 (向日葵海星)\n分佈\n砂質海底、軟泥海底、珊瑚礁及各種深度的海洋中\n有趣資料\n海星屬於能迅速再生的動物之一。如果一隻海星的一隻觸手被切斷的話，過一段短時間，海星便能長回觸手\n海星可作中藥食材\n"
		}, {
			"-name": "animalDesc10",
			"#text": "別名\n烏賊\n身長\n從最小的1公分 (餃子烏賊)，到巨型的12-14公尺 (大王酸漿魷)\n體重\n從最輕的5-10克 (餃子烏賊)，到最重的750公斤 (大王酸漿魷)\n分佈\n主要分佈於熱帶和溫帶淺海\n有趣資料\n魷魚，雖然習慣上稱它們為魚，其實它並不是魚，而是生活在海洋中的軟體動物\n夜晚喜愛光，故漁民捕捉時，會用汽燈光引誘其浮上水面，再用網撈迅速將牠們捕捉。\n"
		}, {
			"-name": "animalDesc11",
			"#text": "別名\n白鮓\n身長\n獅鬃水母(Cyanea capillata)是最大的水母品種，觸手可長至36公尺長。 最小的水母品種長度不夠2公分。\n體重\n有些品種的水母體重可超過200公斤\n分佈\n全球性分佈，由熱帶至極地的水域都有水母\n有趣資料\n水母比恐龍更早出現，牠們已在地球上繁衍超過6.5億年。\n水母壽命很短，平均只有數個月的生命。但有一種燈塔水母能夠不老不死。\n鐘型水母(Chironex fleckeri)是毒性最高的品種之一，能夠在數分鐘內奪去人類的性命。\n"
		}, {
			"-name": "animalDesc12",
			"#text": "別名\n雞泡魚\n身長\n25-35公分\n體重\n800克-7公斤\n分佈\n北緯45度至南緯45度之間的海水、淡水等水域\n有趣資料\n當遇到外來危險時，整個身體呈球狀浮上水面，同時皮膚上的小刺豎起，藉以自衛。\n雞泡魚多數有劇毒，毒留在皮，肝，生殖腺。要食乎牠的肉，就一定要好小心處理。\n"
		}, {
			"-name": "animalDesc13",
			"#text": "別名\n白住房\n身長\n寄居蟹的最大螺體最大直徑可達15公分以上\n體重\n從數克到4.1公斤 (椰子蟹)\n分佈\n黃海及南方海域的海岸邊\n有趣資料\n寄居蟹常寄居於殼中，以保護其柔軟的腹部\n"
		}, {
			"-name": "animalDesc14",
			"#text": "別名\n蓑鮋\n身長\n25-40公分\n體重\n最重可達1.2公斤\n分佈\n多產於溫帶靠海岸的岩礁或珊瑚礁內，分佈於印度、西太平洋暖水海域\n有趣資料\n獅子魚的鰭很大，但不善於游泳，往往躲在礁縫中，等獵物接近時便立刻捕捉。\n"
		}, {
			"-name": "animalDesc15",
			"#text": "別名\n海刺蝟\n身長\n6-12公分\n體重\n從10多克到100克不等\n分佈\n世界各地的海洋\n有趣資料\n天生膽小，只要一見敵人，就會逃跑，但是海膽不能很快的移動。\n"
		}, {
			"-name": "animalDesc16",
			"#text": "別名\n管海馬、庫達海馬、大海馬\n身長\n7-17公分\n體重\n從幾克到1公斤\n分佈\n在東南亞、澳洲、日本及其他太平洋島嶼的河口和近岸水域\n有趣資料\n黃海馬不擅長游泳，原因是牠們沒有尾鰭，只能靠背鰭產生動力。不過，牠們經常會用具抓握力的尾巴，抓著海草或其他物體。牠們更能夠改變身體的顏色和斑紋，形成保護色來避開獵食者。\n黃海馬實行一夫一妻制，只有在配偶離世後才會尋找新伴侶。當雄性追求雌性或在培養感情時，牠們會改變身體顏色，像牽手一樣卷住對方的尾巴，然後緩緩起舞。在交配時，雌性會將卵子產在雄性的孵化囊裡。\n"
		}, {
			"-name": "animalDesc17",
			"#text": "別名\n章魚\n身長\n大型八爪魚觸手有5-10公尺左右\n體重\n大型八爪魚體重能達到45公斤\n分佈\n在世界各地的熱帶和溫帶海域皆有分佈\n有趣資料\n八爪魚有八條感覺靈敏的觸腕，每條觸腕上約有 300多 個吸盤，每個吸盤的拉力為 100克。\n八爪魚力大無比、足智多謀、不少海洋動物都怕牠。\n"
		}, {
			"-name": "animalDesc18",
			"#text": "別名\n無\n身長\n90-125公分\n體重\n超過100公斤以上\n分佈\n熱帶及亞熱帶海域中\n有趣資料\n海龜在海洋的生態系統中，擔當著重要角色。如果沒有海龜吃掉海草，海草會長得很高，沉積物遮擋陽光，更散播病菌\n棲息在地中海的綠海龜已被《世界自然保護聯盟紅色名錄列》為極度瀕危品種。\n"
		}, {
			"-name": "animalDesc19",
			"#text": "別名\n毯魟、魔鬼魚\n身長\n60公分-7公尺\n體重\n350公斤\n分佈\n暖溫帶及熱帶沿大陸及島嶼海區\n有趣資料\n雖然被稱為魔鬼魚，但實際上是一種非常溫和的動物。牠們主要以浮游生物和小魚為食糧\n魔鬼魚的尾巴或有微弱電流但並沒有毒，而在形態上有點類似的魟的尾巴就帶有劇毒，注意區分以免誤解。\n魔鬼魚有時候會躍離水面，然後撲回水裡。這可能有助清除寄生蟲，亦可能是跟同類的溝通方式之一\n"
		}, {
			"-name": "animalDesc20",
			"#text": "別名\n無\n身長\n3.0-3.6公尺\n體重\n雄性可重達1,700公斤, 雌性可重達1,250公斤\n分佈\n海象在北極及亞北極區生活，而這個亞種會於北太平洋和北冰洋之間的海域出現\n有趣資料\n海象的長牙是牠們的犬齒，能生長至1米。牠們將這雙牙齒插入冰層以鑿出呼吸洞，也可以此借力把龐大的身軀拉出水面，而雄性海象亦會用長牙保衛領土和配偶。\n為了在嚴寒中保暖，海象擁有一身厚厚的脂肪層以保存熱能。牠們也可收縮皮膚附近的血管，減低血流量，以免體溫流失。\n"
		}, {
			"-name": "animalDesc21",
			"#text": "別名\n大齒斑海豹\n身長\n1.5-1.7公尺\n體重\n65-115公斤\n分佈\n太平洋北部和北冰洋的近岸區域\n有趣資料\n斑海豹出生時長有一層白色蓬鬆的絨毛，並於二至四星期後蛻落，然後換上銀灰色並帶有深色斑點的皮毛\n牠們在岸邊或冰塊上成群聚集，因此氣味對牠們之間的關係相當重要，尤其有助配偶及母子之間的溝通。\n商業捕魚減少了斑海豹的食物供應，漁具也可能纏繞牠們，造成傷害。\n"
		}, {
			"-name": "animalDesc22",
			"#text": "別名\n粉紅海豚\n身長\n2.0-2.5公尺\n體重\n200-250公斤\n分佈\n西太平洋、印度洋沿岸以至南非\n有趣資料\n雖然名為「白海豚」，然而剛出生的中華白海豚體呈深灰色，年青的會呈灰色，至於成年的則呈粉紅色。\n在香港，中華白海豚聚居在香港西部水域沿岸，經常在北大嶼山近青山水域、沙洲及龍鼓洲海岸公園、赤臘角，以及大澳一帶水域出沒。牠們亦會在南大嶼山的分流及大小鴉洲一帶出沒。\n"
		}, {
			"-name": "animalDesc23",
			"#text": "別名\n無\n身長\n身長小至18公分，大至18公尺\n體重\n世界曾出現重約21.5噸的鯨鯊\n分佈\n所有海域 0-1300公尺的水中\n有趣資料\n是海洋中最兇猛的魚類，天生擅於捕獵，其嗅覺、聽覺和視覺非常敏銳，牠們能在遠處嗅到獵物，即使在漆黑的深海仍能看得清楚。\n只有很少品種曾經有襲擊人類的紀錄。雖然如此，鯊魚仍然被人類視作危險勿近的動物。\n海中最大的鯊魚是甚麼？　答案：鯨鯊　\n"
		}, {
			"-name": "animalDesc24",
			"#text": "別名\n無\n身長\n1-34公尺\n體重\n135公斤的侏儒抹香鯨到重達190噸的藍鯨\n分佈\n大多數在海洋，極少數在河流\n有趣資料\n鯨魚個名有個魚字，但牠們是哺乳類動物，不是魚\n大部份的鯨魚都是瀕危品種，有絕種的可能\n藍鯨是地球上最大的生物\n"
		}, {
			"-name": "animalDesc25",
			"#text": "學名\nPasser montanus\n科\n麻雀科\n分布\n歐亞大陸，歐洲、中東、東南亞、東亞、中國\n有趣資料\n麻雀以群棲性為主，屬雜食性鳥類，主要以植物性食物和昆蟲為食，繁殖季大量捕食昆蟲育雛。樹麻雀在香港市區十分常見，能夠適應與人類生活。\n圖: 樹麻雀 攝影師: 陳佳瑋/香港觀鳥會\n"
		}, {
			"-name": "animalDesc26",
			"#text": "別名\n燈烴、青娘子 (中藥名稱)\n身長\n5-15公分， 翼展 10-18公分\n體重\n5-10克\n分布\n除南極洲之外的每個大陸上都有發現\n有趣資料\n蜻蜓為肉食性的昆蟲，主要捕食蚊、蠅、蝴蝶，甚至其他品種的蜻蜓。\n成年蜻蜓複眼有近24,000個小眼組成。\n"
		}, {
			"-name": "animalDesc27",
			"#text": "別名\n無\n身長\n蜂后(2-2.5公分)、雄蜂(1.5-2公分)、工蜂(1-1.5公分)\n體重\n>3克\n分布\n除南極洲以外的每個大陸\n有趣資料\n蜂群中有一隻蜂后（有些例外情形有兩隻蜂后），1萬到15萬工蜂，500到1500隻雄蜂。\n蜂后的壽命可長達幾年，而雄蜂只能活幾個月，工蜂就只有45天左右。\n蜂后和雄蜂都沒有蟄針所以沒攻擊能力，而被蜜蜂蟄傷的都是工蜂所為。\n"
		}, {
			"-name": "animalDesc28",
			"#text": "別名\n金龜子\n身長\n甲蟲的大小差別很大，小的只有0.25公分；最大的可有 20公分\n體重\n>100克\n分佈\n除了海洋以外，世界各地無論是高山、平原、河川、沼澤、土壤裡都有它們的蹤跡\n有趣資料\n甲蟲和其它的昆蟲一樣，身體分頭、胸、腹三部，有六隻腳\n甲蟲的顏色花樣多變化\n"
		}, {
			"-name": "animalDesc29",
			"#text": "別名\n無\n身長\n(最大) 展翅寬達280毫米 (亞歷山大鳥翼鳳蝶)；(最小) 只有16毫米 (褐小灰蝶)\n體重\n1-5克\n分布\n除南極洲以外的每個大陸\n有趣資料\n蝴蝶是完全變態的昆蟲，牠們的一生有卵、幼蟲、蛹和成蟲四個階段。\n成蟲的蝴蝶壽命可從一周到近一年，取決於物種。\n"
		}, {
			"-name": "animalDesc30",
			"#text": "學名\nCorvus macrorhynchos\n科\n鴉科\n分布\n亞洲東部地區\n有趣資料\n科學家分析了來自全球的2000份鳥類行為觀查報告，排出了一個鳥類智商的排名，結果位居首位的正是鴉科。香港留烏大嘴烏鴉會發出典型響亮而悠長的「鴉—鴉—鴉—」叫聲，因此很容易就能把牠與其他鳥種分辨出來。\n圖: 大嘴烏鴉 攝影師: Chung Yun Tak/香港觀鳥會\n"
		}, {
			"-name": "animalDesc31",
			"#text": "學名\nAcridotheres cristatellus\n科\n椋鳥科\n分布\n印度北部至中國東部\n有趣資料\n椋鳥是一種中型的鳥類。牠們是受歡迎的寵物鳥。\n\n資料提供: 香港觀鳥會\n"
		}, {
			"-name": "animalDesc32",
			"#text": "別名\n蝠鼠、飛鼠\n身長\n\"(最小) 2.9-3.4公分，翼展: 15公分 (凹臉蝠)；(最大) 6-18公分，1.7公尺 翼展 (鬃毛利齒狐蝠)\n\"\n體重\n(最輕) 2-2.6克 (凹臉蝠)；(最重) 1.6公斤 (鬃毛利齒狐蝠)\n分布\n除極地和大洋中的一些島嶼外，分布遍於全世界\n有趣資料\n大蝙蝠亞目的蝙蝠視力好，眼睛大，主要依靠視覺來辨別物體；小蝙蝠亞目的成員通常視力退化，眼睛小，主要依靠回聲來辨別物體。\n約有70%的蝙蝠捕食昆蟲，它們通常發出超聲波探索獵物，多在空中捕食。\n"
		}, {
			"-name": "animalDesc33",
			"#text": "學名\nColumba livia\n科\n鳩鴿科\n分布\n原生種分布於印度次大陸的部分地區、古北界南部，引種至世界各地，如今許多城鎮都有野化的鴿群。\n有趣資料\n鳩鴿的食物主要是植物，包括各種植物的果實和種子，如玉米等。鳩鴿在古時被馴化用為人類傳遞信息。現時常見的野鴿均為原鴿的後代。\n圖: 原鴿 攝影師: 葉大維/香港觀鳥會\n"
		}, {
			"-name": "animalDesc34",
			"#text": "學名\nHirundo rustica\n科\n燕科\n分布\n遍佈北半球\n有趣資料\n燕子以群棲性為主並以昆蟲為主食。牠們多在電線上排排站。夏天到來時，一些舊區如深水埗亦不難發現家燕的鳥巢。\n\n圖: 家燕 攝影師: Pippen Ho/香港觀鳥會\n"
		}, {
			"-name": "animalDesc35",
			"#text": "學名\nPelecanus crispus\n科\n鵜鶘科\n分布\n除南極以外所有大陸的大型水鳥\n有趣資料\n鵜鶘屬大型的鳥類，鳥喙很長，喙下的喉囊是辨認牠們的一大特徵。鵜鶘會利用喉囊把魚兜上來。電影《海底奇兵》內勇救Mo仔的祖哥其實是一隻褐鵜鶘。\n\n圖: 卷羽鵜鶘 攝影師: Pippen Ho/香港觀鳥會\n"
		}, {
			"-name": "animalDesc36",
			"#text": "學名\nBlythipicus pyrrhotis\n科\n啄木鳥科\n分布\n喜馬拉亞山至中國南部、印度\n有趣資料\n啄木鳥有著強直尖銳的喙，可用以鑿開樹皮；有長和帶有黏性的舌頭用以鉤食樹木內的昆蟲。\n\n圖: 黃嘴栗啄木鳥 攝影師: 陳士飛/香港觀鳥會\n"
		}, {
			"-name": "animalDesc37",
			"#text": "學名\nChroicocephalus ridibundus\n科\n鷗科\n分布\n主要在分布在亞洲、歐洲、澳洲、阿拉斯加及北美洲西部，冬季則會遷徙到南方\n有趣資料\n鷗是機會主義者，牠們的食性非常廣泛，如魚類和昆蟲牠們亦會進食。\n圖: 紅嘴鷗 攝影師: 葉大維/香港觀鳥會\n"
		}, {
			"-name": "animalDesc38",
			"#text": "學名\nGrus japonensis\n科\n鶴科\n分布\n中國黑龍江、俄羅斯和日本等地\n有趣資料\n鶴在鳥類中體型較大，其次級飛羽和三級飛羽形長彎曲成弓狀覆於整個尾羽上。其中丹頂鶴具有吉祥、忠貞、長壽的寓意。同時牠們美麗的羽毛亦成為擸人的目標。\n\n圖: 丹頂鶴 攝影師: Owen Chiang/香港觀鳥會\n"
		}, {
			"-name": "animalDesc39",
			"#text": "學名\nPhoenicopterus roseus\n科\n紅鶴科\n分布\n印度、非洲和中南美洲\n有趣資料\n大紅鸛是群居性的，年輕的大紅鸛出身時的羽毛是灰色和白色的，兩年後會變成粉紅色。大紅鸛粉紅色的羽毛是來自其攝食的浮游生物所含的甲殼素所致。大紅鸛是雜食性的，牠們會進食小魚和浮游植物。\n\n圖: 大紅鸛 攝影師: Jessica Wong/香港觀鳥會\n"
		}, {
			"-name": "animalDesc40",
			"#text": "學名\nAnas clypeata\n科\n鴨科\n分布\n除南極洲以外的每個大陸\n有趣資料\n鴨子是鴨科的大量物種的常見名稱，但當中亦包括鵝和天鵝。其中琵嘴鴨較常在淺水區域出沒和覓食。\n\n圖: 琵嘴鴨 攝影師: Jessica Wong/香港觀鳥會\n"
		}, {
			"-name": "animalDesc41",
			"#text": "學名\nAra spp.\n別名\n鸚鵡科\n分布\n中美洲和北美洲 (只有墨西哥)，南美洲和以前的加勒比\n有趣資料\n牠們擁有對趾足(兩趾向前，兩趾向後)可利用爪子爪緊樹枝，檢查東西和抓著食物吃。金剛鸚鵡顏色鮮艷的羽毛幫助牠們在具有充足水果且繁花盛開的熱帶雨林中生活。\n\n資料提供: 香港觀鳥會\n"
		}, {
			"-name": "animalDesc42",
			"#text": "學名\nFratercula arctica\n科\n海雀科\n分布\n北太平洋、北大西洋、冰島\n有趣資料\n海鸚的喙在春季時的顏色會變得鮮艷以吸引異性；過後喙會變得細小及沉色。海鸚是肉食性的並以魚類為主食。\n\n圖: 北極海鸚 攝影師: Woo Ming Chuan/香港觀鳥會\n"
		}, {
			"-name": "animalDesc43",
			"#text": "學名\nGlaucidium cuculoides\n科\n鴟鴞科\n分布\n除南極洲以外所有的大洲都有分布\n有趣資料\n鴟鴞科的鳥類為夜行性，牠們飛行時不會發出聲音，因此科學家亦以牠們為研究對象去發展靜音飛機技術。另外，牠們的眼睛為圓柱狀(而非球狀)，所以眼睛並不能向不同方向轉動，要望不同方向時，需轉動整個頭部。牠們的頸部可旋轉270度而上下則為90度。\n\n圖: 斑頭鵂鶹 攝影師: Andy Kwok/香港觀鳥會\n"
		}, {
			"-name": "animalDesc44",
			"#text": "學名\nRamphastos brevis\n科\n鵎鵼科\n分布\n南墨西哥，中美洲，南美洲的北部和加勒比地區\n有趣資料\n牠們的喙是很巨大的，但其實是空心和非常輕的。牠們的腳趾都是兩趾在前兩趾在後。\n\n圖: 喬科巨嘴鳥 攝影師: Chung Yun Tak/香港觀鳥會\n"
		}, {
			"-name": "animalDesc45",
			"#text": "學名\nApodiformes\n科\n蜂鳥科\n分布\n僅分布於美洲\n有趣資料\n牠們能夠以快速拍打翅膀（每秒15次到80次，取決於鳥的大小）的方式而懸停在空中，也是唯一可以向後飛的鳥\n"
		}, {
			"-name": "animalDesc46",
			"#text": "學名\nPavo cristatus\n科\n雉科\n分布\n原產於印度和斯里蘭卡\n有趣資料\n孔雀是雜食性的，會進食植物和動物如年幼的眼鏡蛇和兩棲類。孔雀有明顯的雌雄兩性的不同特徵，其中一個特徵為雄鳥有會開屏的尾上覆羽，雌鳥沒有。\n\n圖: 藍孔雀 攝影師: 文權溢/香港觀鳥會\n"
		}, {
			"-name": "animalDesc47",
			"#text": "學名\nTorgos tracheliotos\n科\n鷹科\n分布\n歐、亞、非及美洲\n有趣資料\n禿鷲最顯著的特徵是頭部沒有羽毛且頸後羽毛稀少或者沒有羽毛。牠們是大自然的清道夫以腐屍為食。\n\n圖: 皺臉禿鷲 攝影師: Helen Fong/香港觀鳥會\n"
		}, {
			"-name": "animalDesc48",
			"#text": "學名\nHaliaeetus leucocephalus\n別名\n白頭海鵰、美國國鷹\n分布\n北美洲的大部分版圖及北墨西哥\n有趣資料\n白頭海鵰是美國的國鳥，傳聞是因其長壽，具力量而且有令人震懾的外型因此被選為代表美國的動物。\n\n資料提供: 香港觀鳥會\n"
		}, {
			"-name": "animalDesc49",
			"#text": "別名\n德國狼犬\n身長\n雄性身高約60-65公分 ; 雌性身高約55-60公分\n體重\n雄性體重約33-38公斤 ; 雌性體重約26-31公斤\n分佈\n原產地於德國\n有趣資料\n德國牧羊犬很聰明，在所有犬類的智商排名中排行第三。\n他們敏捷且適合動作式的工作環境，牠們經常被部署各種任務，例如員警、護衛、搜索及拯援和軍事\n德國牧羊犬也可以是家庭內忠心和親昵的寵物，牠們喜歡接近人（包括小孩）和其他動物。\n"
		}, {
			"-name": "animalDesc50",
			"#text": "別名\n猞猁\n身長\n體長80-130公分，尾長16 -23公分\n體重\n15-30公斤左右\n分佈\n屬於北溫帶寒冷地區的動物，棲居在寒冷的高山地帶\n有趣資料\n外形似貓，但比貓大得多，主要食物是雪兔等各種野兔。\n"
		}, {
			"-name": "animalDesc51",
			"#text": "學名\nOvis aries\n別名\n家羊/ 白羊\n身長\n70公分\n體重\n45-160公斤 (雄性) 45-100公斤 (雌性)\n分佈\n原產於歐洲及亞洲中部和西南部地區\n有趣資料\n綿羊是世界上數量最多的羊種，共計超過十億\n綿羊很溫順，具有愛清潔的習性。羊喜吃幹淨的飼料，飲清涼衛生的水。\n"
		}, {
			"-name": "animalDesc52",
			"#text": "別名\n奶牛\n身長\n160-200公分\n體重\n500-800公斤\n分佈\n遍布除了南極洲以外的每一塊大陸。\n有趣資料\n一頭乳牛每年可以產至1.8萬升奶\n一頭牛的自然壽命約是20年，但反覆地產小牛和產奶的乳牛的壽命只有六至七年。\n"
		}, {
			"-name": "animalDesc53",
			"#text": "學名\nSciuridae\n別名\n無\n身長\n小至7-10公分，大至53–73公分\n體重\n小的約10克，大的5-8公斤\n分佈\n除了大洋洲和南極洲外，全世界都有分佈。\n有趣資料\n松鼠一般體形細小，特徵是長著毛茸茸的長尾巴\n松鼠一般以草食性為主，食物主要是種子和果仁，也會吃鳥蛋、水果如櫻桃等\n初生松鼠看不見東西，生下將近30天時才睜開眼睛。\n"
		}, {
			"-name": "animalDesc54",
			"#text": "學名\nProcyon lotor\n別名\n北美浣熊\n身長\n體長40-65公分，尾長25-35公分\n體重\n5.5-9.5公斤\n分佈\n主要分佈在加拿大、美國、墨西哥等北美地區\n有趣資料\n浣熊眼圈黑色，酷似戴了“墨鏡”，眉、鼻、嘴的周圍白色，典型的“強盜妝”。\n經常可以看到浣熊摸索到食物後，先去水裡洗去泥土、污垢再吃，就像人們在河邊浣洗蔬菜、水果一樣，所以才叫牠“浣熊”。\n"
		}, {
			"-name": "animalDesc55",
			"#text": "學名\nAepyceros melampus\n別名\n黑斑羚、飛羚\n身長\n肩高70-92cm公分，角可長達45-92公分\n體重\n約40-76公斤\n分佈\n非洲東部到南部\n有趣資料\n高角羚的特徵是長有空心而結實的角，有區別于牛、羊。\n高角羚可以跳高達3米\n"
		}, {
			"-name": "animalDesc56",
			"#text": "學名\nEquus ferus caballus\n別名\n無\n身長\n重型品種體高200公分，所謂袖珍則高60公分\n體重\n重型品種體重達1200公斤\n分佈\n廣泛分佈於世界各地，原產於中亞草原\n有趣資料\n馬的膽子很小，隨時保持警戒狀態。馬很容易被突然的聲音(像鞭炮)嚇到，很怕飄忽不定的東西，如汽球\n"
		}, {
			"-name": "animalDesc57",
			"#text": "學名\nCamelus\n別名\n沙漠之舟\n身長\n成年駱駝一般到肩膀身高1.85公尺，到駝峰身高可達2.15公尺。\n體重\n300-1000公斤\n分佈\n亞洲、印度、非洲等\n有趣資料\n駱駝和其他動物不一樣，特別耐饑耐渴，人們能騎著駱駝橫穿沙漠，有著“沙漠之舟”的美稱。\n駱駝能夠連續四五天不進食，就是靠駝峰裡的脂肪。另外，駱駝的胃裡有許多瓶子形狀的小泡泡，那是駱駝貯存水的地方。\n"
		}, {
			"-name": "animalDesc58",
			"#text": "學名\nMacropus rufus\n別名\n紅袋鼠、赤大袋鼠或大赤袋鼠\n身長\n出生時大約只有1粒花生米般大，成年袋鼠的身高大約為1.6公尺\n體重\n成年袋鼠的體重可以達到50公斤。\n分佈\n原產於澳大利亞大陸\n有趣資料\n袋鼠用下肢跳動，奔跑速度非常快，時速可達50公里以上\n袋鼠有一條「多功能」的尾巴，其作用非常大，在休息時它可以支撐於地，與雙下肢共同起到平衡身體的作用，跑動中尾巴更是重要的平衡工具，另外袋鼠尾巴還是重要的進攻與防衛的武器。\n"
		}, {
			"-name": "animalDesc59",
			"#text": "學名\nPhascolarctos cinereus victor\n別名\n樹袋熊、無尾熊、考拉\n身長\n身長可達82公分\n體重\n體重可達13.5公斤\n分佈\n澳洲南部的尤加利樹林，包括新南威爾斯的南部、維多利亞和南澳州三個州份。\n有趣資料\n雖然被稱為「樹熊」，但樹熊並非熊，牠們屬有袋類動物，會以育兒袋承載著發育尚未健全的幼兒。小樹熊出生後會儘快爬入袋中，在裡面逗留約半年。\n“Koala”是澳洲原住民的方言，意指 “不喝水”，因為它們從尤加利樹葉中得到了身體所需90%的水分。\n牠們屬夜行動物，身體新陳代謝較慢，每日需睡眠17-20小時。\n"
		}, {
			"-name": "animalDesc60",
			"#text": "學名\nErinaceinae\n別名\n中國民間做牠做偷瓜獾\n身長\n180-240公分\n體重\n255-540克\n分佈\n廣泛分佈在歐洲、亞洲北部，在中國的北方和長江流域也分佈很廣\n有趣資料\n刺蝟在夜間活動，以昆蟲和蠕蟲為主要食物，一晚上能吃掉200克的蟲子。\n遇敵害時能將身體捲曲成球狀，將刺朝外，保護自己\n"
		}, {
			"-name": "animalDesc61",
			"#text": "別名\n無\n身長\n55-100公分\n體重\n12.4公斤 (雌性) 32.3公斤 (雄性)\n分布\n喀麥隆南部、加彭、赤道幾內亞和剛果的熱帶雨林中\n有趣資料\n山魈過去曾被歸入狒狒屬, 故常被誤會是狒狒, 實際上山魈是世界上最大的猴。\n體毛為橄欖色, 雄性面部的色彩較豐富。\n電影《獅子王Lion King》中的巫師 “拉飛奇” 是山魈還是狒狒? 答案: 雄山魈\n"
		}, {
			"-name": "animalDesc62",
			"#text": "別名\n無\n身長\n成年斑馬一般約2.3公尺高，肩高約1.5公尺\n體重\n體重為300到400公斤，最重的超過410公斤\n分佈\n斑馬為非洲特產\n有趣資料\n斑馬身上有許多的條紋，每只的條紋都不一樣，是同類之間相互識別的主要標記之一，更重要的更是保護色\n"
		}, {
			"-name": "animalDesc63",
			"#text": "別名\n無\n身長\n3.68-3.8公尺 (雄性)  3.1-3.4公尺(雌性)\n體重\n2200公斤 (雄性) 1600公斤 (雌性)\n分布\n尼泊爾和印度的阿薩姆邦\n有趣資料\n鼻上只有一隻角，是世上體型最大的大單角犀牛。\n奔跑時速可達55公里/小時，並且游泳技能優秀，聽覺和嗅覺都極佳，而視力相對較差。\n求偶時則會利用下顎幾顆3.5英吋的獠牙互咬，覓食時牠們一次能吃下50磅的植物。\n"
		}, {
			"-name": "animalDesc64",
			"#text": "別名\n無\n身長\n3-5公尺\n體重\n1500公斤 (平均)\n分布\n非洲中南部\n有趣資料\n河馬外型可愛，但事實上攻擊性甚強，是非洲最危險的動物之一，也是陸上體型第三大動物。\n皮層厚達15公分，提供了極佳防護，四根獠牙長50厘米，顎可撐開將近180度，咬力可達2500磅，一次可吃下100磅的植物。\n即使是陸地上第三大的動物，其短距離奔跑速度卻能達到時速30公里。\n"
		}, {
			"-name": "animalDesc65",
			"#text": "別名\n熊貓、貓熊、竹熊\n身長\n120-180公分\n體重\n100公斤\n分布\n中國獨有物種，現只分布於四川、陝西和甘肅三個省份的竹林\n有趣資料\n剛出生的大熊貓寶寶只有100克重。當牠們長大後，體重可達100公斤，比剛出生時增加1,000倍！\n大熊貓每日需要攝取4,300至5,500千卡路里熱量的食物，相當於人類進食20碗飯或20個漢堡包，食量驚人。\n"
		}, {
			"-name": "animalDesc66",
			"#text": "別名\n為了紀念英國自然學家Jim Corbett ，故印支虎又被稱作科比特之虎。\n身長\n255-285公分 (雄性) 230-255公分 (雌性)\n體重\n150-195公斤 (雄性) 100-130公斤 (雌性)\n分布\n緬甸、泰國、老撾共和國、越南、柬埔寨及中國\n有趣資料\n捕獵鹿、野豬、猴子、野牛等為食，偶爾捕獵豹子和熊。當食物短缺時，它也吃魚和烏龜。\n"
		}, {
			"-name": "animalDesc67",
			"#text": "別名\n白老虎\n身長\n2.7-3.1公尺 (雄性) 2.4-2.65公尺 (雌性)\n體重\n180-258公斤 (雄性) 100-160公斤 (雌性)\n分布\n在世界各地受到人類圈養\n有趣資料\n第一隻野生孟加拉白虎於1951年在印度被發現並捕獲，被取名為「莫罕」，意即「令人迷惑者」。\n孟加拉白虎經常被誤解成患上白化症，其實不然，之所以有白底的毛髮是由於基因突變。\n牠們因為太顯眼，在野外很難生存，所以現存的多為受到人類圈養。\n"
		}, {
			"-name": "animalDesc68",
			"#text": "別名\n萬獸之王\n身長\n170-250公分 (雄性) 140-175公分 (雌性)\n體重\n150-250公斤 (雄性) 120-185公斤 (雌性)\n分布\n非洲撒哈拉沙漠以南的草原\n有趣資料\n現存中是繼老虎之後第二大的貓科動物\n中國本來沒有獅子，最早進入中國的獅子，是產自南亞和西亞的亞洲獅，而不是非洲獅，是東漢時期月氏國送給漢朝政府的禮物。\n"
		}, {
			"-name": "animalDesc69",
			"#text": "別名\n金錢豹或花豹\n身長\n90-190公分\n體重\n37-90公斤 (雄性) 28-60公斤 (雌性)\n分布\n非洲南部到中亞，東亞，北到中國東北再到東南亞等都有它們的身影\n有趣資料\n奔跑時速可達58公里/小時，既會游泳，又會爬樹。\n花豹有時會有黑化現象，即為黑豹，皮膚及毛髮上出現大量黑色素，但還是可隱約見到斑點。\n"
		}, {
			"-name": "animalDesc70",
			"#text": "別名\n無\n身長\n120-155公分\n體重\n27-80公斤\n分布\n斷續分佈於孟加拉至中國雲南，以及馬來西亞南部等東南亞地區\n有趣資料\n熊科動物中體型最小的成員。\n馬來熊舌頭很長 (20-25公分)，便於吞食昆蟲和蜂蜜。\n"
		}, {
			"-name": "animalDesc71",
			"#text": "別名\n無\n身高\n2.75公尺 (雄性) 2.4公尺 (雌性)\n身長\n5.5-6.5公尺\n體重\n180-258公斤 (雄性) 100-160公斤 (雌性)\n分布\n個別種群眾居於13個亞洲國家，包括印度、緬甸及印尼\n有趣資料\n象鼻端有一個呈手指狀的突出物，由於此突出物有大量的神經細胞，因此使象鼻像人類的手指一樣靈活。\n象鼻含多達60,000個肌肉，包括縱向和輻射組。\n雄性的亞洲象長有象牙，而雌象即使有象牙亦不是太突出。\n"
		}, {
			"-name": "animalDesc72",
			"#text": "別名\n無\n身長\n170-180公分\n體重\n135-180公斤\n分布\n剛果低地的熱帶雨林，以及位於剛果，烏干達和盧旺達交界的維龍加山脈和布恩迪山脈中。\n有趣資料\n大猩猩百分之92至98的脫氧核糖核酸(DNA)排列與人一樣，因此它是繼黑猩猩屬的兩個種後與人類最接近的現存的動物。\n大猩猩的臂幅比它的身長長得多，可達2.3-2.6公尺。\n大猩猩和人一樣有各不相同的指紋。\n"
		}]
	}
}